Province/State,Country/Region,Lat,Long,1/1/20,1/2/20,1/3/20,1/4/20,1/5/20,1/6/20,1/7/20,1/8/20,1/9/20,1/10/20,1/11/20,1/12/20,1/13/20,1/14/20,1/15/20,1/16/20,1/17/20,1/18/20,1/19/20,1/20/20,1/21/20,1/22/20,1/23/20,1/24/20,1/25/20,1/26/20,1/27/20,1/28/20,1/29/20,1/30/20,1/31/20,2/1/20,2/2/20,2/3/20,2/4/20,2/5/20,2/6/20,2/7/20,2/8/20,2/9/20,2/10/20,2/11/20,2/12/20,2/13/20,2/14/20,2/15/20,2/16/20,2/17/20,2/18/20,2/19/20,2/20/20,2/21/20,2/22/20,2/23/20,2/24/20,2/25/20,2/26/20,2/27/20,2/28/20,2/29/20,3/1/20,3/2/20,3/3/20,3/4/20,3/5/20,3/6/20,3/7/20,3/8/20,3/9/20,3/10/20,3/11/20,3/12/20,3/13/20,3/14/20,3/15/20,3/16/20,3/17/20,3/18/20,3/19/20,3/20/20,3/21/20,3/22/20,3/23/20,3/24/20,3/25/20,3/26/20,3/27/20,3/28/20,3/29/20,3/30/20,3/31/20,4/1/20,4/2/20,4/3/20,4/4/20,4/5/20,4/6/20,4/7/20,4/8/20,4/9/20,4/10/20,4/11/20,4/12/20
,Afghanistan,33.0,65.0,64,97,81,74,94,91,62,44,33,36,81,96,85,65,61,54,59,47,62,79,84,72,68,92,79,72,70,54,43,45,56,61,55,90,60,52,52,39,47,53,88,94,96,75,47,48,42,41,51,56,40,53,56,63,70,62,57,71,82,73,61,46,64,72,81,61,56,52,70,83,56,61,57,42,45,57,66,65,65,83,60,64,94,89,72,69,68,68,69,94,83,64,55,52,65,60,71,55,59,70,72,77,70
,Albania,41.1533,20.1683,50,46,42,38,57,45,36,28,38,40,61,76,71,71,61,51,50,60,73,62,40,40,38,47,76,79,86,85,86,82,66,76,76,78,78,80,67,57,66,70,79,82,83,64,75,68,57,55,59,72,79,61,56,48,52,56,70,88,85,63,59,76,72,88,81,71,86,87,85,78,67,63,60,65,85,63,51,46,46,49,54,61,87,85,73,64,78,80,77,64,65,90,76,76,70,62,51,28,30,31,35,42,46
,Algeria,28.0339,1.6596,39,36,28,25,25,23,43,35,32,46,47,59,48,44,43,53,49,37,28,16,15,17,23,19,20,26,24,35,24,12,10,12,24,31,28,23,26,12,9,9,8,9,15,37,19,17,15,17,25,21,18,12,13,15,31,19,11,10,16,11,7,4,8,13,14,7,16,18,16,14,18,20,14,8,5,6,8,13,14,14,21,19,9,17,28,37,18,14,37,30,13,8,6,14,13,11,10,12,10,10,8,9,8
,Andorra,42.5063,1.5218,31,34,40,55,23,35,35,57,68,70,28,16,20,25,32,61,79,44,57,54,64,86,89,78,87,85,76,80,56,82,81,70,64,55,60,23,23,25,43,71,63,63,73,78,61,52,39,52,57,41,26,28,16,19,20,33,51,61,68,73,79,79,70,66,84,64,62,50,65,62,28,44,77,70,71,89,83,76,61,57,60,78,82,68,82,71,61,74,68,86,85,86,85,63,50,56,73,86,82,77,72,73,79
,Angola,-11.2027,17.8739,85,91,97,97,86,87,91,93,85,99,96,77,69,83,72,76,83,82,68,76,87,89,83,94,90,90,97,91,96,88,94,89,94,89,87,85,72,79,81,95,88,89,75,72,92,95,86,78,74,91,84,77,93,88,90,80,88,87,82,75,66,67,77,75,76,88,76,83,90,89,95,89,87,94,88,77,83,79,74,73,83,83,74,82,80,97,84,83,91,76,75,75,91,90,90,85,82,79,84,76,89,86,78
,Antigua and Barbuda,17.0608,-61.7964,80,80,79,77,78,77,76,78,80,79,75,78,77,77,80,77,78,78,81,83,79,79,77,79,83,80,81,77,78,77,78,76,79,77,76,76,80,79,77,76,79,77,78,79,77,80,82,81,80,77,77,76,76,77,73,80,80,81,76,77,79,76,73,77,78,74,76,77,70,71,76,76,78,78,78,79,73,72,78,76,78,80,83,82,83,76,78,78,80,77,75,77,71,72,80,76,80,81,78,78,77,78,78
,Argentina,-38.4161,-63.6167,68,61,45,43,48,54,36,21,37,19,24,20,28,49,40,11,15,19,30,27,39,47,40,37,32,20,24,34,28,40,27,22,33,27,47,78,51,78,61,62,54,40,31,35,70,44,16,18,47,35,19,31,49,45,36,32,33,35,21,35,38,34,23,25,23,30,46,35,16,40,43,69,59,59,24,49,43,73,73,48,44,36,52,39,46,54,61,63,60,70,81,79,70,53,52,45,52,30,30,33,46,46,56
,Armenia,40.0691,45.0382,95,98,100,98,97,84,82,83,96,91,86,84,90,63,59,89,93,65,99,97,83,81,88,92,68,77,76,75,85,95,94,100,92,90,98,100,94,96,100,96,96,88,96,100,90,66,87,100,98,98,100,99,97,99,98,97,51,52,60,93,99,99,89,57,46,48,80,89,60,36,62,81,78,100,98,100,100,100,99,98,99,97,75,93,97,91,92,95,100,97,94,98,99,93,100,85,99,100,90,92,98,100,87
Australian Capital Territory,Australia,-35.4735,149.0124,52,54,55,36,63,82,65,71,72,57,62,69,63,67,69,72,84,74,73,78,67,56,38,47,63,50,59,53,61,50,31,34,49,42,46,65,76,77,83,93,89,83,79,90,84,82,87,89,80,68,69,78,80,72,70,70,59,56,50,69,59,43,79,96,98,86,81,87,84,80,78,75,75,77,68,76,76,68,65,56,72,65,70,82,74,74,82,79,83,85,76,73,95,85,82,75,77,82,90,85,87,75,68
New South Wales,Australia,-33.8688,151.2093,71,74,81,60,70,78,82,82,84,78,76,78,71,78,76,81,92,90,86,84,66,75,48,71,84,82,84,81,78,75,79,66,79,74,66,67,78,92,91,93,87,83,91,90,77,79,81,86,79,56,66,72,80,70,74,73,65,69,63,67,76,59,77,84,86,84,78,75,78,71,69,67,69,84,78,80,75,72,67,56,73,73,75,78,82,80,70,78,85,80,80,84,81,81,64,52,67,73,78,79,85,56,51
Northern Territory,Australia,-12.4634,130.8456,75,75,72,71,73,77,74,72,83,91,87,81,79,77,76,75,76,75,78,80,82,85,82,81,80,76,77,80,78,77,74,73,75,76,76,77,73,72,73,77,76,79,76,78,77,77,79,79,79,79,79,77,78,77,75,75,80,85,83,82,80,79,79,77,75,74,82,86,87,78,76,73,73,74,75,69,70,76,71,71,71,72,72,80,80,76,72,74,73,71,72,72,75,75,77,78,75,69,71,76,80,83,75
Queensland,Australia,-28.0167,153.4,74,76,71,71,72,75,76,71,73,75,78,86,70,82,82,81,81,90,87,83,77,79,85,84,88,80,75,80,79,76,72,73,74,73,86,80,92,89,88,88,83,86,89,91,82,82,80,78,78,79,75,78,71,75,83,83,84,82,80,78,73,74,76,82,74,82,80,73,87,84,69,75,71,71,73,67,69,68,68,71,74,77,80,74,72,70,81,78,80,75,76,76,76,77,76,69,74,75,74,73,79,64,54
South Australia,Australia,-34.9285,138.6007,57,52,19,65,72,56,48,36,26,71,60,60,41,43,65,62,59,65,74,78,62,54,68,67,72,74,69,57,32,13,56,87,70,67,53,59,59,61,61,55,61,69,78,76,80,74,71,59,71,61,67,64,57,46,44,63,68,66,71,69,57,66,63,66,74,74,66,63,56,52,51,42,69,60,60,50,31,27,39,71,71,69,55,56,67,63,56,34,52,65,71,64,68,71,75,80,76,76,67,72,72,68,64
Tasmania,Australia,-41.4545,145.9707,80,73,66,75,60,67,72,56,79,99,88,73,78,79,88,82,70,78,87,98,83,90,100,92,98,87,82,93,82,43,44,82,91,85,78,76,85,83,83,82,87,99,91,88,99,94,73,74,94,80,81,82,83,83,80,77,91,97,86,85,99,87,77,94,100,82,81,88,87,88,85,89,99,88,89,96,92,94,88,99,90,89,86,84,92,91,96,95,100,100,95,91,100,99,98,97,92,88,88,89,91,93,97
Victoria,Australia,-37.8136,144.9631,56,56,52,42,69,81,78,67,64,56,69,66,55,56,52,74,64,66,72,84,68,49,73,56,57,73,67,66,60,28,25,77,65,60,55,66,71,78,67,61,74,79,79,69,74,87,73,68,84,78,72,69,65,68,75,69,65,59,69,69,59,65,64,74,89,78,71,70,68,69,62,46,52,57,66,61,55,42,46,62,67,71,62,68,66,69,65,53,54,66,66,61,84,74,79,78,71,71,75,69,70,69,73
Western Australia,Australia,-31.9505,115.8605,56,67,54,37,32,40,49,62,55,36,32,47,48,51,56,59,66,52,50,54,70,67,68,53,59,54,41,49,71,65,56,49,37,34,26,42,71,72,72,49,37,43,63,53,46,79,66,50,41,44,41,36,61,61,67,66,71,66,65,77,62,46,41,34,43,76,74,69,51,38,45,56,50,57,77,70,74,62,59,49,61,56,46,37,38,46,67,67,66,65,66,66,67,51,44,40,33,42,47,56,54,40,77
,Austria,47.5162,14.5501,62,47,62,89,88,53,70,64,69,78,89,54,38,38,38,72,80,88,91,83,43,43,56,50,64,87,84,87,78,74,90,84,89,94,90,91,72,62,66,63,82,83,75,76,91,79,55,67,80,86,80,68,49,75,91,76,91,74,85,68,88,82,91,85,74,95,90,78,82,86,94,80,87,83,65,51,71,81,74,75,96,77,66,70,68,74,76,68,91,89,78,70,57,69,72,59,56,45,33,45,63,65,69
,Azerbaijan,40.1431,47.5769,71,69,85,85,69,71,76,67,77,77,83,68,70,59,78,82,80,68,87,82,73,61,46,36,54,42,54,51,50,41,46,81,64,52,35,44,39,32,56,56,54,62,44,43,44,67,53,72,64,55,69,74,83,71,74,45,54,50,40,44,61,83,71,72,70,71,63,64,66,69,65,55,60,60,72,78,80,77,78,81,86,79,67,63,61,55,61,68,57,59,42,63,69,67,90,77,77,87,79,70,68,59,51
,Bahamas,25.0343,-77.3963,86,79,77,81,83,69,64,65,64,71,83,84,81,82,74,70,71,77,69,72,80,72,75,73,78,77,73,74,79,80,81,76,84,65,62,69,77,85,84,86,85,82,85,85,81,82,81,78,78,81,81,80,82,75,64,71,78,85,80,69,57,59,66,78,84,88,85,65,61,67,71,76,79,83,82,76,77,79,77,77,77,76,76,77,76,80,81,74,75,79,78,77,79,62,61,64,67,77,79,80,81,82,84
,Bahrain,26.0275,50.55,70,64,72,61,84,66,67,67,73,83,64,56,48,52,67,69,69,71,65,75,70,67,74,62,56,61,61,66,64,57,67,68,63,62,62,71,70,56,59,76,65,63,61,64,67,68,71,71,66,59,66,74,73,75,71,66,64,64,68,68,65,68,60,60,64,64,57,63,69,69,74,65,56,59,57,72,71,70,79,74,78,76,53,56,57,66,62,59,73,64,59,55,51,59,62,57,54,48,47,49,46,57,72
,Bangladesh,23.685,90.3563,62,68,80,77,79,62,63,67,76,71,73,73,68,71,68,67,66,65,66,65,61,61,63,56,59,62,64,63,67,76,68,54,51,46,51,48,52,47,40,45,45,51,49,49,54,63,62,59,56,55,56,56,50,51,57,73,73,66,55,51,50,54,56,60,62,67,69,66,56,44,40,47,51,49,55,52,44,44,40,42,44,63,59,53,53,48,44,43,36,27,28,31,54,60,56,61,51,44,56,63,54,55,51
,Barbados,13.1939,-59.5432,78,79,76,77,79,82,83,77,79,82,76,83,78,80,81,78,79,80,84,77,82,81,88,85,84,83,82,75,85,84,81,83,81,78,79,76,80,79,75,76,78,80,83,81,78,75,76,77,81,87,83,76,77,77,86,82,81,78,78,77,76,79,76,82,73,72,74,77,73,78,77,77,81,81,91,83,78,76,77,79,83,84,82,77,75,78,78,81,80,79,77,71,76,78,81,80,79,78,78,76,77,78,76
,Belarus,53.7098,27.9534,84,84,74,87,87,79,89,81,89,92,88,82,89,90,77,79,84,77,82,83,82,88,80,82,85,83,83,86,92,90,94,94,89,86,82,64,78,62,82,80,78,91,91,91,89,85,76,69,78,79,85,81,77,75,80,86,83,89,80,81,81,87,87,84,88,87,89,84,82,84,85,78,71,76,61,51,79,74,73,65,83,65,60,60,52,50,45,49,54,63,48,70,70,64,69,60,56,43,52,56,57,49,38
,Belgium,50.8333,4.0,82,86,86,85,84,78,85,88,88,87,81,84,84,77,73,81,79,79,78,82,78,79,79,72,76,85,87,85,79,83,82,86,87,84,85,83,80,69,85,79,82,72,73,85,83,78,76,81,81,82,84,78,71,83,85,84,88,92,84,84,79,89,82,82,92,90,80,85,80,88,88,75,74,82,80,79,65,68,74,81,71,55,46,38,38,44,61,64,55,62,68,61,73,72,62,55,55,64,56,59,60,48,53
,Benin,9.3077,2.3158,10,11,11,15,21,28,27,25,24,32,54,52,31,13,15,17,16,18,20,26,28,22,14,8,5,6,10,12,10,4,6,8,6,7,8,10,10,11,9,13,19,10,7,11,10,7,7,9,24,13,19,13,16,13,8,9,14,33,40,28,49,61,62,50,28,44,46,49,53,54,45,43,54,55,47,35,44,47,53,57,62,60,65,75,67,60,53,55,54,62,55,56,56,53,60,57,55,56,57,65,61,46,52
,Bhutan,27.5142,90.4336,38,67,84,85,76,38,59,78,73,61,45,40,52,62,61,59,75,71,63,62,57,63,68,52,30,56,72,76,71,79,74,73,70,64,72,82,67,66,66,59,48,67,67,61,75,77,73,80,78,82,85,73,82,76,76,73,86,67,50,59,75,84,83,89,78,77,78,69,66,75,81,72,61,85,79,62,69,81,82,83,81,79,81,70,69,74,76,82,69,61,73,85,77,67,67,66,67,72,78,80,75,78,77
,Bolivia,-16.2902,-63.5887,92,87,81,76,72,75,77,95,80,75,72,78,76,86,88,74,65,72,72,71,69,69,86,67,62,62,65,72,80,91,83,78,79,75,76,78,72,81,76,87,94,94,91,84,81,76,73,75,69,68,81,88,79,53,53,65,84,89,66,62,53,51,52,56,55,56,61,60,59,64,67,57,65,64,65,76,89,85,78,73,80,77,74,75,79,78,82,80,74,78,85,76,74,73,68,68,68,72,78,67,50,48,55
,Bosnia and Herzegovina,43.9159,17.6791,91,63,43,66,100,90,62,83,50,57,94,97,92,94,75,69,65,61,99,95,62,32,57,44,98,100,97,99,96,78,79,96,96,95,100,100,78,90,89,83,95,92,96,71,98,93,73,46,77,92,90,68,56,38,84,78,92,97,98,87,97,94,98,100,84,96,100,100,98,91,85,67,72,93,86,66,45,65,49,45,53,98,95,100,98,100,100,95,83,90,100,98,88,79,70,64,44,37,28,40,44,63,56
,Brazil,-14.235,-51.9253,81,75,80,81,88,93,86,82,78,82,70,76,77,74,70,71,72,69,67,68,72,76,91,93,90,91,85,93,89,83,81,75,72,74,75,86,79,78,92,87,93,89,75,79,79,73,82,80,73,83,82,83,86,78,73,81,81,83,80,82,93,88,90,86,84,86,93,87,83,87,85,91,88,80,83,82,80,74,74,76,88,84,81,83,86,86,87,84,88,80,73,72,71,73,74,71,68,70,83,80,81,79,79
,Brunei,4.5353,114.7277,83,82,85,84,79,80,79,82,80,88,92,91,89,92,87,89,85,83,87,81,79,77,74,74,79,86,88,83,88,85,78,79,78,79,87,81,76,77,80,85,82,78,76,79,82,84,88,80,77,77,75,72,71,72,77,75,87,86,87,84,83,84,90,93,95,85,82,80,85,88,81,83,76,80,80,76,77,78,76,85,85,84,86,85,85,86,85,88,86,86,86,79,90,86,84,85,84,87,87,83,85,80,79
,Bulgaria,42.7339,25.4858,92,97,77,64,98,100,92,84,71,73,82,100,95,91,85,93,92,86,95,95,83,49,72,67,39,75,95,91,84,88,60,83,83,70,82,100,97,95,90,92,94,97,87,84,98,100,94,89,75,98,100,97,99,71,61,65,75,86,81,95,85,82,82,96,100,91,86,100,99,100,94,82,72,82,100,70,60,77,72,68,75,84,100,100,100,100,99,92,78,72,90,100,100,90,98,90,59,53,52,56,48,64,57
,Burkina Faso,12.2383,-1.5616,8,10,8,10,13,17,17,17,14,16,12,13,6,6,8,12,11,9,11,16,17,18,8,5,4,4,4,4,3,3,6,7,6,6,6,6,6,4,5,8,8,5,4,4,4,5,5,5,7,9,8,7,6,6,5,5,6,7,6,5,5,6,6,6,4,3,5,7,4,3,3,3,7,10,14,13,19,38,35,34,22,11,25,48,32,10,8,11,11,8,9,9,9,7,13,27,5,20,10,40,44,37,34
,Cabo Verde,16.5388,-23.0418,70,68,69,68,67,65,63,68,65,64,64,64,66,69,70,70,67,66,69,71,71,73,75,76,75,72,75,73,72,74,75,69,68,69,70,71,76,72,72,72,73,73,72,70,72,73,71,71,77,74,74,75,76,76,73,74,76,70,70,71,71,72,72,75,75,75,78,79,77,77,76,75,71,71,72,75,73,70,70,70,71,74,75,71,69,70,69,71,72,76,77,76,76,78,77,78,77,78,77,75,75,77,78
,Cambodia,11.55,104.9167,55,56,57,57,54,57,60,65,56,60,68,70,62,53,61,60,57,64,63,61,60,61,61,56,64,64,63,62,65,75,68,62,54,56,59,56,57,53,56,51,53,57,60,61,60,64,62,68,54,47,49,50,46,42,43,54,55,55,54,54,59,62,57,62,63,65,61,64,61,61,62,56,56,56,56,55,53,55,56,55,53,56,56,57,61,57,60,60,59,56,57,55,55,56,56,55,56,66,66,72,75,70,65
,Cameroon,3.8480000000000003,11.5021,74,69,54,51,56,64,62,68,72,72,78,72,69,68,80,71,70,73,74,67,62,55,55,41,32,34,57,67,65,70,74,68,70,78,75,84,76,63,64,73,62,56,66,62,57,60,68,77,78,61,63,67,65,68,67,66,73,73,76,72,77,75,72,83,80,82,84,77,77,76,81,83,79,76,70,75,75,76,80,90,78,76,77,92,87,83,79,79,83,81,81,89,83,87,85,79,85,77,90,86,83,94,79
Alberta,Canada,53.9333,-116.5765,80,95,66,87,78,69,84,91,89,85,75,75,71,76,71,62,63,67,60,68,72,79,84,75,86,83,79,77,82,73,65,79,74,81,84,69,84,79,75,86,71,74,96,87,81,90,85,85,86,83,68,59,63,67,65,75,75,75,69,70,96,79,72,74,70,67,91,91,80,62,66,87,88,81,80,62,62,82,91,90,70,72,75,94,95,77,77,83,86,93,93,90,86,75,87,90,94,85,77,65,73,90,69
British Columbia,Canada,49.2827,-123.1207,90,83,83,84,82,84,89,91,75,81,92,81,87,69,64,78,81,79,88,89,87,87,90,93,91,89,86,87,88,91,85,92,80,85,84,91,91,90,90,81,78,80,87,86,89,84,92,84,81,76,67,72,71,88,88,73,81,88,89,89,82,83,92,89,72,81,76,81,79,73,82,77,75,56,32,40,53,66,65,67,69,72,78,79,85,76,83,92,92,81,81,83,79,72,74,72,63,67,69,68,67,74,60
Grand Princess,Canada,37.6489,-122.6655,75,84,76,76,80,72,70,77,81,79,78,77,75,79,73,75,78,72,70,66,77,86,83,82,87,90,86,85,86,79,86,81,83,69,56,47,69,78,81,75,46,56,63,76,81,78,79,82,75,69,79,76,70,80,82,76,69,70,74,79,75,63,51,74,77,85,83,84,76,73,72,83,82,83,84,74,78,76,76,76,76,78,81,80,75,71,70,73,82,85,80,87,72,68,73,86,80,78,79,85,86,86,86
Manitoba,Canada,53.7609,-98.8139,81,83,77,89,85,80,69,68,61,81,70,65,80,82,74,64,52,68,76,62,60,74,73,64,75,78,81,78,80,82,84,86,82,81,69,71,70,59,68,80,85,81,76,56,57,72,68,64,75,64,63,64,75,79,89,80,78,74,79,79,89,85,84,87,89,89,84,68,69,77,66,85,88,76,70,70,80,66,62,64,61,70,83,79,84,80,87,82,82,61,75,84,83,78,77,66,72,82,84,86,74,86,79
New Brunswick,Canada,46.5653,-66.4619,85,85,81,87,84,81,74,80,84,66,72,89,82,80,86,85,86,61,57,79,72,64,78,77,77,83,88,87,80,71,65,60,71,81,81,77,69,77,84,76,68,87,89,83,81,64,60,79,77,59,77,63,56,71,79,83,79,81,87,80,78,81,80,91,92,75,67,67,67,79,83,79,72,86,78,71,69,85,67,70,91,65,57,57,87,73,76,84,63,63,74,77,89,92,90,83,81,71,66,66,69,90,78
Newfoundland and Labrador,Canada,53.1355,-57.6604,61,80,94,88,85,80,69,54,74,67,63,81,64,60,65,67,62,59,60,64,65,67,74,82,67,69,77,83,83,83,71,77,69,80,87,81,79,69,74,72,66,81,82,84,78,65,62,80,79,68,86,70,67,81,84,77,87,76,69,80,92,90,84,87,88,91,79,78,74,67,65,80,86,82,90,83,67,76,86,73,83,87,73,69,84,85,82,92,91,84,80,87,94,94,85,86,77,89,88,87,90,90,95
Nova Scotia,Canada,44.681999999999995,-63.7443,83,89,76,85,86,89,75,86,90,79,81,91,88,80,89,89,85,78,72,89,84,74,75,82,82,82,91,90,84,77,73,63,85,83,77,77,69,77,87,75,67,88,88,86,93,76,71,84,85,67,79,65,57,75,78,87,90,89,87,80,86,88,80,90,86,66,54,73,65,76,86,85,75,86,70,56,62,79,67,67,91,59,40,57,88,72,87,85,63,61,64,82,88,92,90,80,76,69,55,68,66,87,73
Ontario,Canada,51.2538,-85.3232,80,69,82,80,81,77,80,80,64,68,80,66,62,63,79,71,65,57,77,71,69,72,82,76,76,86,86,84,77,76,74,86,93,93,88,77,74,64,57,63,81,81,85,66,62,62,85,75,72,81,70,63,68,76,82,81,82,75,74,63,62,79,86,88,84,77,68,71,61,68,75,77,87,89,72,71,84,75,74,80,69,60,67,84,82,82,70,74,78,75,72,79,76,80,82,83,72,69,79,91,81,78,82
Prince Edward Island,Canada,46.5107,-63.4168,79,85,79,85,85,87,79,82,85,78,78,86,86,78,84,86,83,85,77,84,82,72,74,81,79,78,86,90,90,82,79,68,79,91,82,83,76,80,87,84,75,88,88,89,83,74,70,84,82,75,83,66,66,75,80,85,86,89,87,80,83,95,84,90,90,85,72,82,78,79,81,86,79,82,81,75,86,83,77,72,87,67,65,69,88,86,84,91,72,72,82,90,92,89,87,85,79,77,73,81,72,88,84
Quebec,Canada,52.9399,-73.5491,83,90,91,88,87,88,78,79,79,59,78,81,67,68,68,79,69,56,63,70,81,82,86,85,69,72,86,68,62,67,70,78,85,89,93,88,77,83,67,67,80,83,88,84,72,62,76,85,70,81,80,73,83,90,80,86,83,72,64,83,84,82,83,88,85,83,80,74,73,64,72,83,75,80,88,79,76,87,81,77,84,79,73,80,92,85,88,80,83,86,84,82,84,90,91,93,92,83,79,75,83,89,90
Saskatchewan,Canada,52.9399,-106.4509,75,90,90,86,83,76,76,61,71,77,59,71,75,67,63,66,50,71,76,62,59,76,88,91,80,91,88,87,92,89,84,77,84,79,76,75,78,74,85,88,81,86,81,62,57,86,71,80,78,69,61,70,74,82,78,81,83,83,84,84,88,80,88,87,90,89,85,81,79,76,79,88,82,76,76,81,76,79,74,76,78,84,83,86,85,87,83,79,80,80,84,84,79,78,71,75,82,89,86,86,83,88,82
,Central African Republic,6.6111,20.9394,14,15,18,20,22,23,25,22,17,17,13,11,9,12,15,16,15,13,14,14,10,9,9,9,10,12,16,13,10,11,10,12,16,17,16,20,23,16,16,13,14,13,12,15,13,13,13,24,41,51,39,16,12,10,9,23,17,15,13,14,13,31,41,19,21,25,41,47,44,42,41,42,45,18,28,32,19,42,51,41,59,59,51,55,62,56,56,53,66,63,52,51,44,55,67,64,62,56,60,77,70,79,82
,Chad,15.4542,18.7322,15,11,20,19,14,9,7,10,12,8,7,4,5,5,7,15,17,27,16,12,8,9,8,8,7,7,6,5,3,6,5,6,5,7,5,6,6,5,11,7,5,10,6,5,3,4,6,11,11,13,9,8,5,7,11,10,6,5,5,4,3,4,5,5,4,4,4,4,4,7,5,6,16,11,6,5,4,3,5,3,4,5,5,7,5,8,7,7,6,6,9,8,7,5,4,5,5,5,5,6,6,6,5
,Chile,-35.6751,-71.543,43,44,61,54,52,53,54,51,60,56,50,48,46,54,56,42,34,37,43,49,52,39,49,65,45,32,50,39,55,49,36,34,54,50,48,57,54,52,46,36,36,50,56,56,46,39,55,57,62,39,45,38,52,64,66,63,49,38,43,51,49,62,67,60,47,42,44,61,46,36,37,51,51,64,50,46,51,56,54,52,46,73,68,63,61,59,56,74,70,62,54,56,54,40,40,48,52,41,39,49,68,70,73
Anhui,China,31.8257,117.2264,72,81,85,87,87,88,87,77,87,90,90,79,78,71,84,96,83,76,72,66,82,88,87,84,82,93,87,77,76,71,66,60,55,66,72,74,87,91,83,72,72,80,79,84,89,89,70,60,55,59,61,71,56,57,63,79,74,70,88,85,82,66,71,65,55,76,77,83,92,78,67,72,83,68,51,56,57,59,41,52,72,72,53,60,78,92,70,79,91,84,94,82,63,60,61,60,60,54,51,51,70,84,56
Beijing,China,40.1824,116.4142,23,36,41,41,63,77,34,30,45,45,39,44,27,30,34,32,37,51,28,26,32,38,43,46,50,50,53,54,52,44,37,21,54,30,31,56,77,65,49,53,47,53,57,65,77,32,26,33,44,55,71,45,23,30,41,40,43,43,43,72,41,36,34,19,28,50,49,81,67,17,21,20,9,13,21,40,21,16,7,14,20,20,14,27,46,41,12,12,23,40,45,12,12,9,11,22,18,18,21,36,34,16,6
Chongqing,China,30.0572,107.874,68,74,68,75,80,87,76,80,77,80,80,74,72,69,72,79,73,75,82,74,71,77,84,85,87,81,73,73,72,68,70,81,86,86,74,77,90,79,75,73,80,76,71,74,82,91,82,67,68,74,78,83,80,76,84,83,83,76,91,80,71,82,89,83,73,80,76,80,89,71,75,71,81,79,74,68,80,69,57,56,68,79,80,75,78,69,88,85,85,79,78,80,71,73,82,79,68,70,77,67,89,88,70
Fujian,China,26.0789,117.9874,85,81,82,84,81,80,80,66,73,77,87,83,79,79,82,90,86,82,88,80,82,80,79,88,92,98,88,84,79,73,65,64,86,98,99,94,93,94,88,82,76,79,95,97,98,96,95,71,65,71,67,74,76,67,68,72,70,75,74,74,87,87,87,100,89,87,94,93,97,88,87,99,97,89,72,74,89,99,99,97,88,82,94,94,83,86,89,92,92,99,98,86,97,100,97,86,89,89,72,69,70,93,75
Gansu,China,37.8099,101.0583,59,44,57,62,76,85,70,60,82,88,62,61,56,59,81,68,67,68,62,61,56,45,56,65,68,69,63,65,57,57,66,85,68,47,49,50,51,51,56,55,49,44,45,53,73,51,47,56,52,55,72,56,51,46,56,46,64,83,56,76,92,77,67,61,60,48,47,80,72,46,52,85,62,47,68,80,69,68,64,71,80,75,72,56,55,71,71,79,85,87,92,82,93,93,90,84,88,70,60,59,62,46,46
Guangdong,China,23.3417,113.4244,63,76,72,68,68,72,75,55,68,72,71,55,57,63,65,76,63,65,73,62,71,77,77,75,76,81,66,60,53,40,34,44,62,81,88,84,79,83,70,67,70,86,82,87,92,91,73,50,46,59,66,64,65,68,70,77,70,69,73,70,72,67,73,88,75,76,85,85,87,70,67,91,91,68,54,64,81,87,91,86,85,74,74,73,73,79,79,81,85,89,90,83,85,91,87,92,94,80,73,69,57,86,57
Guangxi,China,23.8298,108.7881,71,80,77,73,69,73,73,72,77,78,73,65,70,82,83,77,76,78,72,79,88,87,84,80,85,76,73,66,57,51,52,67,86,89,85,89,93,83,86,79,80,88,91,91,90,88,71,55,50,65,81,83,75,72,72,77,78,74,80,80,88,87,91,88,82,92,89,83,80,65,71,88,86,67,68,88,90,86,83,87,85,79,83,82,89,86,84,82,89,83,78,78,88,90,89,90,88,79,77,73,90,88,66
Guizhou,China,26.8154,106.8748,87,86,89,94,91,90,79,95,86,85,85,79,94,94,92,89,88,87,86,92,88,87,90,96,100,91,91,88,82,76,75,92,97,97,93,96,94,96,97,92,92,97,91,85,78,97,91,85,71,74,91,90,96,90,77,83,88,81,93,95,99,99,98,95,90,95,95,76,83,94,93,90,93,85,81,97,97,90,72,75,62,72,93,85,75,74,93,93,96,87,81,86,94,99,99,98,94,85,98,87,87,98,82
Hainan,China,19.1959,109.7453,100,95,91,96,89,85,83,85,85,85,86,99,88,84,79,77,92,88,93,91,82,81,79,82,76,100,99,100,94,83,82,86,87,84,83,94,85,86,98,96,96,94,85,91,80,78,98,92,86,92,93,93,84,85,83,82,86,83,95,88,82,84,80,85,100,95,82,70,60,94,94,81,76,99,99,96,90,86,88,88,76,72,77,84,81,83,75,75,81,84,88,86,83,89,93,99,99,100,98,100,97,91,96
Hebei,China,39.549,116.1306,20,24,38,41,68,83,36,36,55,59,37,50,33,36,43,38,44,60,31,23,40,42,46,49,54,54,55,56,60,49,45,22,57,33,32,68,70,69,56,54,50,55,57,65,87,40,32,35,49,64,74,52,25,31,43,39,44,42,48,77,44,38,33,20,32,54,53,77,73,23,26,22,14,13,23,45,23,13,8,17,23,26,19,31,49,42,16,13,28,45,50,18,28,14,13,21,28,24,25,51,36,21,8
Heilongjiang,China,47.861999999999995,127.7615,63,61,64,66,65,72,81,70,64,70,76,72,73,63,65,61,63,64,80,73,74,68,70,57,57,63,63,67,61,64,60,76,78,73,72,69,68,70,70,80,77,79,85,69,60,65,65,61,77,77,75,72,73,79,86,76,73,79,78,81,83,84,79,72,81,76,87,90,73,77,74,78,68,81,74,73,75,91,77,79,77,67,59,64,64,71,57,49,51,60,61,45,45,57,51,46,52,78,64,50,38,41,35
Henan,China,33.882,113.61399999999999,33,54,54,62,88,87,86,79,71,63,78,82,73,67,63,71,70,63,38,48,64,70,74,80,73,81,67,63,61,61,57,64,50,55,60,78,88,78,69,56,56,66,76,77,68,57,28,28,36,48,60,39,35,55,71,69,80,85,80,76,65,62,57,50,57,69,61,74,83,45,51,60,40,41,21,37,35,30,18,32,52,34,45,53,81,82,41,49,85,69,70,80,71,57,46,56,47,56,55,66,85,62,39
Hong Kong,China,22.3,114.2,76,76,78,78,80,82,83,72,80,82,78,61,76,76,82,83,63,67,74,69,81,82,84,86,85,78,61,57,47,34,42,68,76,79,76,80,80,80,70,68,72,84,85,87,90,90,74,48,48,66,71,74,74,74,80,84,83,83,81,82,80,81,81,80,79,81,85,88,89,68,75,89,87,77,69,74,82,87,87,89,89,84,83,82,84,86,86,81,86,89,90,84,84,85,83,82,88,84,74,68,76,88,60
Hubei,China,30.9756,112.2707,47,56,63,61,83,83,80,85,85,87,77,76,78,67,77,69,73,73,67,64,74,79,83,89,85,79,77,74,67,56,59,62,66,56,64,68,83,74,71,67,70,85,82,84,72,77,62,50,48,56,64,54,63,70,68,68,73,85,81,78,69,86,74,66,67,80,75,89,83,61,61,74,59,52,48,53,54,57,41,48,68,60,65,75,82,86,77,81,89,77,76,75,74,70,56,60,59,56,56,59,83,76,53
Hunan,China,27.6104,111.7088,81,83,81,79,82,84,80,80,83,85,86,81,80,83,88,82,81,84,74,76,84,91,89,91,90,86,84,79,73,66,65,76,93,89,84,87,92,87,87,79,83,90,89,90,91,89,72,66,64,71,76,89,85,81,73,78,88,88,85,92,83,90,92,88,90,92,94,92,93,74,83,91,89,63,54,75,92,77,71,66,77,88,83,88,85,81,91,87,93,89,84,83,91,93,89,84,82,73,67,62,73,90,70
Inner Mongolia,China,44.0935,113.9448,57,59,64,64,63,71,62,61,56,69,67,66,62,59,57,53,66,74,67,61,71,70,57,56,61,67,71,75,74,73,74,69,72,61,56,47,56,63,64,67,60,44,53,70,76,68,70,69,72,75,74,76,68,65,73,78,73,69,56,71,75,72,70,67,46,66,60,68,66,55,51,49,42,61,67,48,50,47,38,38,51,40,30,28,33,18,19,17,30,18,23,14,20,23,17,13,22,20,24,26,36,15,10
Jiangsu,China,32.9711,119.455,66,83,83,70,83,93,90,69,79,86,74,75,78,77,71,93,74,71,73,66,79,88,78,77,74,89,85,79,73,65,55,59,56,67,71,77,75,82,76,74,65,87,83,82,88,87,60,56,50,61,70,78,59,61,73,83,75,68,88,85,87,68,72,61,61,70,77,73,93,77,68,75,83,74,59,64,62,62,43,60,67,62,56,52,66,93,60,57,73,80,87,75,57,59,63,62,65,57,56,64,69,83,61
Jiangxi,China,27.614,115.7221,72,77,83,83,79,72,71,67,75,83,86,80,74,75,91,86,82,84,79,71,75,82,88,90,91,90,85,84,73,67,64,61,77,87,82,77,92,85,81,76,77,89,88,89,84,91,74,60,56,61,64,73,76,71,68,65,74,76,76,82,82,80,91,90,83,90,93,90,94,78,74,93,91,72,54,61,92,79,74,70,78,82,88,89,76,77,91,84,91,89,90,83,90,90,84,78,74,68,62,56,66,92,69
Jilin,China,43.6661,126.1923,70,72,80,82,77,80,85,82,84,82,80,84,78,69,70,69,73,71,91,86,74,89,82,60,56,69,62,73,79,75,73,82,77,78,80,78,66,82,78,80,78,81,88,95,80,77,84,81,77,84,73,95,93,80,83,87,88,81,90,89,91,91,89,97,87,87,97,94,93,87,75,55,41,63,81,66,87,60,91,72,55,49,50,44,45,61,37,33,25,28,37,27,26,36,33,30,31,39,87,77,52,32,34
Liaoning,China,41.2956,122.6085,60,57,65,69,71,81,68,74,63,61,63,65,56,55,53,47,59,60,59,54,49,74,61,40,44,55,55,56,60,59,50,55,57,54,40,32,45,60,60,61,66,65,77,72,63,72,67,64,71,68,68,93,63,59,65,51,52,41,56,66,56,46,75,68,56,57,89,84,87,53,38,34,30,42,31,34,44,34,37,33,24,32,37,27,27,69,25,18,25,27,28,12,33,34,14,14,22,20,24,43,35,23,18
Macau,China,22.1667,113.55,78,77,80,81,80,82,85,76,80,83,80,63,71,77,81,83,69,67,76,73,80,84,88,88,86,82,68,65,56,43,46,69,80,84,84,84,82,83,75,70,73,86,90,92,93,94,78,55,50,70,75,77,79,76,81,85,87,86,82,84,85,86,83,85,84,83,89,93,91,72,75,92,92,78,69,78,85,88,91,90,93,91,88,86,85,90,91,88,90,92,92,86,89,91,91,90,91,86,77,74,81,94,64
Ningxia,China,37.2692,106.1655,63,57,49,61,66,83,66,64,79,83,74,80,71,71,80,67,70,69,54,53,64,55,57,77,70,75,78,72,53,32,28,54,46,37,30,54,52,56,35,27,32,40,20,31,37,41,25,25,28,28,35,33,33,43,27,21,51,65,46,33,27,26,21,20,45,26,31,43,26,24,21,21,39,22,12,16,11,11,13,12,18,22,43,51,46,56,36,50,42,48,37,67,45,31,22,28,33,18,7,7,27,14,14
Qinghai,China,35.7452,95.9956,53,60,57,78,82,74,67,70,68,76,63,62,59,56,54,50,64,74,69,65,52,56,70,63,56,65,78,68,53,75,81,76,60,53,49,60,61,62,74,67,62,57,64,57,50,41,59,52,47,47,72,53,57,68,67,62,82,69,48,61,76,89,78,62,81,61,77,82,81,71,61,60,56,63,82,67,74,62,66,86,76,66,66,72,61,62,62,70,80,68,47,48,65,85,62,60,67,61,47,48,46,44,55
Shaanxi,China,35.1917,108.8701,59,67,68,70,88,78,80,74,87,76,71,76,62,63,83,84,70,70,44,50,61,70,68,63,87,86,82,65,52,48,43,70,45,49,54,76,82,75,56,34,30,40,50,48,28,27,23,32,34,30,56,39,38,45,54,34,79,93,78,62,40,82,45,50,71,62,48,70,40,28,30,32,31,20,18,46,18,12,17,25,32,36,56,64,70,62,63,73,83,71,56,56,71,56,47,51,49,37,33,37,85,50,21
Shandong,China,36.3427,118.1498,44,61,65,62,83,96,97,69,57,68,80,80,91,69,67,67,79,81,69,60,70,79,81,69,54,68,68,67,89,68,62,67,77,63,84,54,74,85,79,75,60,73,72,74,95,81,62,57,46,55,55,66,34,38,90,97,76,42,88,85,90,53,54,39,45,59,78,75,90,65,47,53,40,48,25,43,38,23,11,22,50,27,28,30,56,95,34,22,41,54,65,36,57,44,31,15,31,43,56,90,82,50,25
Shanghai,China,31.201999999999998,121.4491,60,77,87,80,72,77,79,61,78,83,86,65,66,68,74,85,75,64,62,66,72,88,86,83,87,89,86,72,61,56,43,45,59,69,60,68,74,80,71,63,56,89,79,84,87,87,54,34,42,61,68,66,56,53,63,68,75,67,76,81,83,67,62,56,49,68,75,72,91,74,63,71,86,52,43,47,50,55,44,50,55,68,43,48,64,82,74,81,72,92,79,66,56,50,53,56,57,46,35,56,70,84,55
Shanxi,China,37.5777,112.2922,30,47,59,53,76,76,78,74,72,73,74,70,68,61,63,72,72,62,53,63,65,70,66,68,70,67,74,68,62,51,48,52,52,39,49,56,65,70,57,40,31,31,38,48,27,23,21,27,28,28,42,30,24,37,68,64,62,85,74,57,23,35,18,24,47,49,27,52,50,16,19,22,30,18,18,16,11,8,9,12,13,19,21,60,59,74,42,43,40,48,28,77,55,33,28,34,40,52,62,59,77,49,18
Sichuan,China,30.6171,102.7103,37,38,65,81,69,78,37,68,65,82,50,21,40,76,62,70,84,80,79,79,70,61,91,95,92,75,83,83,73,87,85,82,90,81,60,88,89,86,87,84,83,61,41,30,62,89,76,82,82,65,81,78,74,72,55,76,77,91,91,65,98,93,92,91,85,78,81,76,96,85,88,87,92,85,84,93,84,77,67,69,76,97,80,89,73,83,93,93,94,92,84,90,96,96,94,92,95,90,78,87,92,99,93
Tianjin,China,39.3054,117.323,19,30,38,49,70,83,44,27,53,49,38,46,27,28,41,46,52,68,28,25,45,59,51,48,57,57,60,59,60,37,43,34,73,38,47,69,76,68,53,56,49,56,66,72,80,49,42,43,50,69,77,59,28,32,55,36,49,43,54,79,51,36,42,21,30,55,70,77,84,43,28,42,28,16,27,43,32,13,9,17,30,35,30,33,45,50,13,10,21,39,49,19,26,17,16,23,45,22,28,43,34,20,13
Tibet,China,31.6927,88.0924,38,56,60,64,65,55,60,56,56,53,48,48,44,39,40,40,69,61,56,56,57,51,50,50,42,56,50,56,52,52,53,46,60,44,41,49,49,46,55,53,41,40,41,41,36,38,31,40,35,33,60,61,63,55,56,51,60,47,40,52,54,56,56,57,45,46,48,40,36,35,40,39,37,44,51,52,38,41,51,49,53,45,48,39,46,44,44,36,28,34,36,41,43,41,41,44,44,52,43,49,45,47,38
Xinjiang,China,41.1129,85.2401,47,56,54,55,61,62,62,59,60,60,62,64,61,62,69,64,80,80,70,65,64,60,69,70,69,66,62,56,54,60,56,57,56,51,55,57,56,52,49,47,44,40,39,41,22,24,30,44,46,52,44,35,28,28,35,41,41,34,27,37,40,36,31,27,35,32,37,31,25,26,20,21,18,15,19,28,13,10,11,12,18,23,19,24,19,19,16,22,15,23,21,13,16,22,28,24,19,17,14,13,8,10,6
Yunnan,China,24.974,101.48700000000001,77,79,77,96,99,81,79,75,63,67,56,54,65,60,55,52,56,41,44,44,49,42,35,48,76,76,65,66,73,77,70,68,56,55,50,39,39,53,64,85,83,54,49,49,57,68,79,76,82,74,60,61,75,76,72,64,57,76,75,63,48,44,54,66,55,56,52,42,44,46,37,38,40,40,36,35,43,45,31,34,43,42,46,49,43,40,44,49,39,28,20,21,34,37,53,51,30,30,31,44,48,42,47
Zhejiang,China,29.1832,120.0934,68,79,89,92,85,81,77,70,78,92,96,85,80,81,91,95,92,80,84,78,74,78,88,94,94,97,93,89,79,77,70,63,71,84,92,78,94,94,91,78,69,81,90,95,89,95,74,65,59,64,65,72,66,62,69,75,92,79,76,83,96,86,92,95,75,85,92,90,95,85,74,88,89,81,65,57,72,75,68,66,73,86,70,56,69,80,90,96,96,94,98,85,75,85,81,77,77,65,51,42,52,92,67
,Colombia,4.5709,-74.2973,99,99,95,88,88,86,83,84,67,69,60,69,74,72,76,76,73,78,75,78,86,98,98,94,95,97,99,97,96,93,91,78,80,87,76,62,51,49,62,89,92,75,63,66,72,82,82,77,71,65,77,87,90,97,100,99,98,100,97,93,90,91,92,95,88,74,80,87,97,92,96,96,98,98,100,100,98,93,94,92,95,94,84,89,94,95,97,94,95,85,95,96,98,98,90,90,89,91,89,88,94,90,94
,Congo (Brazzaville),-4.0383,21.7587,82,88,81,77,83,73,79,81,81,80,76,72,67,57,64,69,79,84,69,65,70,71,64,65,65,68,65,71,77,80,73,80,80,73,92,85,71,64,81,73,89,69,63,84,85,72,74,78,76,82,72,60,67,83,84,73,63,85,71,65,76,70,76,63,56,69,71,74,78,75,74,81,81,69,70,86,91,77,70,69,81,94,70,62,78,79,70,68,64,64,65,63,78,82,69,69,76,69,76,73,86,80,86
,Congo (Kinshasa),-4.0383,21.7587,82,88,81,76,83,73,79,81,81,81,76,72,67,57,65,69,79,84,69,65,70,71,64,65,65,68,65,71,77,80,73,80,80,73,92,85,71,64,81,73,89,69,63,84,85,72,74,78,76,82,72,60,67,83,84,73,63,85,71,65,76,70,76,63,56,69,71,74,78,75,74,81,81,69,70,86,91,77,70,69,81,94,70,62,78,79,70,68,64,64,65,63,78,82,69,69,76,69,76,73,86,80,86
,Costa Rica,9.7489,-83.7534,83,77,90,91,88,86,86,83,94,89,84,91,93,96,91,89,88,93,98,98,98,94,96,96,95,94,92,93,94,97,90,78,86,95,91,85,90,81,78,89,87,78,90,94,90,93,86,96,95,93,88,91,93,82,62,74,89,89,80,85,88,75,59,86,81,71,78,86,88,80,75,75,85,88,89,86,87,84,85,85,81,80,79,88,92,87,90,79,77,93,89,82,82,73,78,80,83,88,87,83,83,90,83
,Cote d'Ivoire,7.54,-5.5471,20,16,14,13,17,22,23,30,33,37,56,52,24,16,19,20,28,40,21,44,67,70,52,22,17,28,50,51,33,21,41,51,35,13,13,15,22,16,12,28,56,42,10,13,12,12,13,48,52,60,64,57,56,56,49,38,20,53,56,49,50,62,64,64,67,63,66,65,73,67,60,56,64,61,67,64,64,67,63,63,67,69,80,67,83,72,73,69,74,66,70,73,73,71,70,68,74,74,75,80,80,75,71
,Croatia,45.1,15.2,84,55,53,73,77,64,37,74,62,88,95,89,85,91,93,93,90,94,97,97,78,57,78,72,95,96,94,94,94,76,89,93,90,91,87,68,50,52,81,86,91,82,86,70,89,82,70,81,94,82,70,61,59,64,81,91,97,75,66,62,86,83,84,94,72,95,92,77,70,81,62,69,89,76,61,49,44,69,65,57,68,83,63,99,100,100,95,85,76,82,75,59,61,61,60,55,53,43,32,37,37,49,46
,Diamond Princess,0.0,0.0,74,76,76,68,64,69,77,73,74,76,76,74,74,76,76,79,81,79,79,77,81,79,79,77,77,76,77,77,77,78,77,76,76,77,77,76,77,75,77,76,76,75,77,74,74,79,77,75,74,76,78,77,79,78,77,76,76,78,80,79,79,77,76,77,76,78,81,77,78,76,76,77,81,79,78,77,77,78,75,74,73,75,79,78,75,70,73,76,72,74,72,78,75,73,75,71,75,74,77,74,79,76,75
,Cuba,22.0,-80.0,89,90,83,82,82,88,81,81,80,87,88,79,83,85,79,79,87,79,87,86,88,96,71,79,82,82,82,88,88,89,87,86,87,78,74,76,83,88,85,85,85,80,84,81,81,79,76,78,78,78,79,80,81,87,88,79,83,92,85,80,66,69,72,78,81,79,78,82,70,76,81,79,83,82,82,75,76,75,74,74,74,76,77,76,76,72,73,74,69,73,76,81,79,86,78,70,64,68,73,75,71,73,73
,Cyprus,35.1264,33.4299,77,83,85,78,72,79,83,87,74,66,66,70,71,80,76,71,88,75,79,69,51,53,61,44,51,67,76,80,77,75,51,57,64,68,77,78,71,67,56,50,59,80,92,90,76,68,69,59,73,78,67,84,82,77,81,64,66,78,79,74,62,71,76,71,68,71,65,71,69,66,63,61,90,81,80,79,74,56,61,56,59,60,68,66,69,69,76,69,60,61,72,71,65,60,66,60,75,72,76,80,75,56,52
,Czechia,49.8175,15.472999999999999,81,60,75,84,83,78,78,79,87,82,84,75,81,77,71,78,79,88,93,87,76,76,80,77,78,81,84,82,79,78,83,81,85,86,91,87,83,88,82,77,71,75,75,77,86,80,70,75,77,81,83,81,62,78,77,85,80,74,88,80,80,71,88,81,73,82,87,76,80,80,90,80,71,69,51,53,77,76,75,74,89,69,60,56,57,66,65,67,72,65,76,65,56,74,76,60,50,44,39,48,69,61,55
Faroe Islands,Denmark,61.8926,-6.9118,92,86,80,85,92,87,89,81,81,85,84,84,91,83,92,89,93,81,92,91,82,95,84,81,94,84,82,86,86,95,92,84,81,92,83,93,94,84,89,82,82,86,78,80,88,89,86,90,91,90,80,82,84,84,75,89,84,88,84,95,94,88,85,81,86,89,94,95,92,96,85,88,84,84,83,88,77,82,88,75,84,84,91,93,83,85,82,72,82,87,86,83,81,74,90,91,88,90,86,86,92,98,83
Greenland,Denmark,71.7069,-42.6043,-1000,-1000,-1000,-1000,-1000,-1000,-1000,-1000,-1000,-1000,-1000,-1000,-1000,-1000,-1000,-1000,-1000,-1000,-1000,-1000,-1000,-1000,-1000,-1000,-1000,79,78,76,81,87,85,78,87,86,85,73,83,84,80,76,78,80,84,87,78,67,76,77,87,86,80,82,71,51,61,65,46,63,64,52,63,84,87,82,84,79,81,88,76,83,88,82,76,75,66,52,61,79,72,82,88,81,67,76,72,89,82,72,95,96,92,89,73,81,71,68,73,75,95,83,74,73,82
,Denmark,56.2639,9.5018,82,83,83,77,87,87,87,85,88,89,84,89,89,86,86,85,85,87,79,84,85,81,89,89,87,86,90,89,85,89,88,89,83,91,85,81,86,86,85,86,82,86,86,86,87,89,87,86,88,89,89,84,84,83,86,91,90,86,87,89,86,87,89,89,90,90,86,88,90,91,83,84,84,74,82,84,85,87,79,68,63,66,56,52,47,56,56,69,49,67,69,82,79,66,81,67,61,66,61,67,69,82,71
,Djibouti,11.8251,42.5903,82,80,80,80,80,80,85,81,84,81,90,78,81,84,90,76,78,75,78,75,76,84,95,88,85,84,85,89,82,85,80,85,88,90,81,85,75,65,61,56,74,84,85,90,74,68,62,75,76,72,68,79,81,76,70,67,78,78,43,35,41,69,80,54,51,45,60,69,78,60,61,62,77,83,80,88,82,84,78,72,75,79,82,78,84,75,82,83,81,76,76,71,73,66,71,64,61,49,39,56,70,78,81
,Dominican Republic,18.7357,-70.1627,94,93,95,90,90,88,84,92,91,91,94,88,97,97,98,99,90,87,92,97,96,91,84,95,93,91,96,89,88,89,86,83,90,86,97,93,89,89,87,87,86,91,95,94,90,86,93,94,97,99,96,92,86,91,95,94,89,95,91,87,83,92,99,98,92,87,86,85,100,100,99,93,93,92,94,89,86,88,90,97,96,92,86,98,89,87,91,96,90,93,85,85,83,81,83,91,93,90,95,98,91,88,85
,Ecuador,-1.8312,-78.1834,89,90,91,90,77,76,76,76,72,66,86,84,90,84,87,87,86,89,90,93,87,78,83,82,90,89,88,77,73,80,84,83,86,89,90,88,74,73,80,82,90,84,74,81,82,86,92,88,86,86,84,80,82,91,90,92,88,90,91,90,88,89,93,88,89,92,93,86,84,89,89,85,88,87,87,88,91,91,90,88,82,80,79,82,82,79,77,82,86,85,91,92,92,91,79,85,92,88,88,86,93,89,88
,Egypt,26.0,30.0,56,51,69,57,65,56,56,57,62,67,66,54,52,37,38,48,74,65,63,61,62,65,63,63,50,43,32,31,47,52,48,57,50,51,61,53,33,42,48,59,60,60,46,40,35,36,49,65,61,56,48,46,49,44,71,62,47,35,22,34,43,37,33,21,6,31,45,28,16,28,31,51,55,44,56,43,38,41,36,33,36,28,12,25,28,15,17,42,24,15,9,19,24,21,9,10,27,34,30,30,35,27,23
,El Salvador,13.7942,-88.8965,73,71,73,75,68,60,62,64,62,59,59,62,57,59,56,56,60,59,62,61,57,56,57,68,72,67,72,75,74,72,70,71,69,59,60,67,70,71,72,69,56,56,59,56,59,53,54,52,55,55,56,56,52,49,57,66,72,71,64,54,52,55,63,65,63,60,54,56,56,55,56,53,51,62,67,57,56,60,60,57,59,63,61,54,60,65,65,63,66,68,64,64,70,70,72,73,77,72,61,60,66,67,69
,Equatorial Guinea,1.5,10.0,89,89,86,83,86,87,86,87,89,83,82,83,83,88,91,89,91,84,86,86,85,82,81,81,78,75,83,88,87,86,89,87,89,88,82,87,85,87,88,88,85,84,90,86,81,85,87,92,88,83,87,89,88,87,88,87,94,80,86,88,84,84,86,88,85,92,90,83,80,85,89,83,87,88,90,90,88,91,88,94,81,86,89,91,92,84,79,89,90,86,83,91,85,90,89,80,88,86,90,85,86,92,78
,Eritrea,15.1794,39.7823,73,71,68,71,81,82,80,81,85,86,79,67,66,62,62,63,55,59,66,72,73,70,69,70,66,64,64,68,74,79,77,83,84,84,78,78,78,73,71,83,74,66,61,64,64,51,47,60,75,75,81,72,70,80,70,75,70,67,72,74,79,69,80,83,72,59,56,76,77,71,61,41,36,72,62,62,68,78,73,69,68,70,71,65,35,32,42,42,71,59,64,66,71,75,68,65,46,37,39,59,76,63,63
,Estonia,58.5953,25.0136,82,83,84,84,78,91,89,87,85,91,80,86,88,87,87,86,84,84,88,83,83,79,84,90,83,88,92,87,89,93,92,91,90,86,76,82,69,69,88,85,87,89,90,89,86,87,86,87,86,90,89,86,89,89,82,88,93,87,90,87,90,89,90,89,93,88,88,87,82,89,93,90,86,71,71,85,84,91,80,79,61,64,67,72,64,61,56,61,52,62,55,77,89,90,72,62,74,65,64,69,66,65,85
,Eswatini,-26.5225,31.4659,73,72,71,68,66,69,62,61,71,93,79,71,78,80,67,73,69,80,88,82,69,74,82,77,76,61,66,69,68,76,61,64,69,62,61,68,70,84,82,91,96,93,77,71,68,67,69,67,70,78,78,89,76,79,69,71,69,71,92,84,75,81,75,72,69,72,75,70,66,68,74,73,70,71,76,88,75,75,71,71,76,73,72,69,67,61,71,79,69,77,71,76,64,72,89,69,49,53,67,86,74,67,45
,Ethiopia,9.145,40.4897,57,63,52,52,50,61,64,54,52,48,59,83,86,73,63,55,28,31,38,46,49,56,63,80,82,83,84,77,65,62,56,63,57,61,56,47,54,49,42,34,39,56,94,79,60,53,42,47,54,53,39,54,56,54,40,35,48,59,30,24,26,28,32,36,33,35,37,43,39,51,59,53,42,59,56,77,74,63,60,66,66,65,81,68,80,57,41,43,52,48,60,65,68,63,64,51,37,30,36,42,47,55,74
,Fiji,-17.7134,178.065,87,74,76,78,77,80,86,85,83,79,79,87,91,88,88,94,96,90,89,85,80,71,77,78,78,78,86,80,82,88,83,82,92,76,81,86,86,88,91,88,86,85,88,91,93,83,76,78,89,74,69,74,78,86,74,75,89,88,83,84,84,89,76,73,84,85,87,90,93,94,93,92,89,85,83,89,88,92,96,95,93,90,88,81,89,90,90,92,92,86,94,92,90,91,90,92,94,92,94,85,92,86,84
,Finland,64.0,26.0,89,83,86,84,81,87,91,90,78,84,83,87,86,84,92,91,87,93,91,85,75,79,85,86,85,82,77,81,84,81,81,82,87,82,83,83,78,85,87,85,91,88,86,92,85,86,88,87,89,85,72,86,90,88,84,82,80,75,75,76,86,82,78,75,88,84,83,84,86,91,92,96,84,68,81,76,73,79,82,70,75,60,68,64,66,77,81,68,59,66,78,84,86,89,84,70,75,81,77,83,74,73,82
French Guiana,France,3.9339,-53.1258,81,78,77,82,85,84,78,88,85,83,78,73,78,92,98,93,93,92,86,78,86,77,70,67,73,90,95,94,89,85,88,90,76,77,78,75,76,74,77,85,82,88,91,81,81,77,85,90,81,80,76,73,69,87,93,95,81,67,72,74,69,75,78,83,82,71,70,79,70,68,71,63,63,68,65,67,70,66,90,79,73,77,78,77,89,90,90,95,93,96,94,90,96,97,93,93,86,86,93,88,93,97,88
French Polynesia,France,-17.6797,149.4068,74,77,81,79,79,80,82,79,79,82,82,75,79,83,77,72,75,77,78,79,77,72,74,75,81,77,75,81,79,78,73,76,78,79,77,78,74,73,73,70,69,73,78,79,79,79,77,76,76,73,68,72,75,74,78,80,72,73,76,74,75,74,73,67,66,68,73,71,71,72,84,85,82,77,70,72,77,73,70,73,77,73,76,75,76,86,76,79,79,76,72,74,72,71,66,70,72,69,75,77,74,73,70
Guadeloupe,France,16.25,-61.5833,76,75,78,79,84,82,77,77,79,76,73,78,76,77,79,78,77,79,82,76,73,82,80,78,82,78,78,73,76,76,78,75,76,78,76,76,78,75,75,76,78,76,77,76,76,78,80,79,78,77,77,74,74,77,74,81,81,80,75,76,77,76,74,76,76,72,74,77,69,71,75,73,76,74,76,79,71,73,76,76,77,79,84,84,83,77,76,76,80,76,72,74,73,72,77,76,79,78,76,75,75,76,76
Mayotte,France,-12.8275,45.1662,83,82,80,80,79,79,81,82,79,77,76,77,83,83,80,81,86,86,83,85,83,87,87,88,86,82,78,81,82,83,85,81,80,82,79,77,79,77,77,76,73,75,74,77,78,77,78,79,77,79,80,79,81,82,83,86,82,84,82,82,81,82,82,75,77,79,81,81,82,78,77,79,82,81,82,78,76,71,73,67,75,77,76,77,74,77,75,77,81,79,75,75,72,68,73,77,79,78,76,76,78,80,80
New Caledonia,France,-20.9043,165.618,73,72,71,74,75,77,78,75,78,85,85,85,80,84,84,83,78,82,78,75,69,69,78,74,78,81,78,79,76,73,76,80,80,81,78,78,83,80,83,85,86,88,87,85,82,83,77,78,80,76,72,72,73,74,73,75,80,79,81,85,85,87,80,77,78,80,79,78,75,76,78,75,78,85,81,74,79,77,74,70,72,73,75,70,73,75,77,74,76,74,74,78,81,87,86,85,77,73,79,73,69,64,70
Reunion,France,-21.1351,55.2471,81,83,77,82,83,81,81,76,72,70,77,79,75,74,75,77,78,76,75,76,84,86,82,87,84,78,72,66,65,71,74,77,77,77,73,76,77,75,73,75,77,83,78,71,73,79,78,75,77,76,75,74,75,69,70,73,77,82,79,81,80,82,85,87,87,85,84,79,78,77,83,85,87,86,79,77,82,77,69,63,71,75,78,81,82,78,77,78,77,82,83,80,79,81,78,75,73,68,75,70,73,71,72
Saint Barthelemy,France,17.9,-62.8333,82,80,80,77,78,74,76,77,78,79,75,76,77,76,78,77,77,77,78,82,82,78,77,82,81,80,80,79,77,77,77,77,77,75,76,78,80,78,78,75,78,77,77,78,77,78,81,80,80,76,76,74,75,76,72,72,77,80,77,78,80,76,73,74,77,76,77,77,71,71,73,76,79,78,77,74,76,76,78,76,77,79,79,78,79,73,77,77,78,76,75,71,70,71,73,69,73,80,83,81,77,77,78
St Martin,France,18.0708,-63.0501,86,84,84,80,81,77,77,80,81,82,77,79,80,79,82,81,80,80,81,85,86,82,80,87,85,83,84,83,82,81,81,81,81,78,78,81,83,81,81,78,81,80,80,82,79,81,84,82,83,80,79,76,78,80,75,76,81,83,79,82,84,81,76,76,79,80,81,81,73,74,76,79,82,82,80,77,80,80,81,79,80,82,83,81,81,76,80,80,80,78,77,73,71,73,75,70,73,80,86,86,79,80,80
Martinique,France,14.6415,-61.0242,78,78,79,81,79,84,77,77,77,78,77,80,78,79,79,79,77,79,83,75,76,78,85,80,80,81,75,77,76,82,80,78,79,77,78,77,75,76,76,81,80,76,79,79,76,79,76,79,83,79,81,75,74,73,80,84,78,81,75,77,77,75,73,78,75,73,76,73,73,70,77,77,80,79,81,77,75,75,76,76,78,80,81,75,78,78,76,77,78,78,73,73,76,78,77,80,80,78,78,77,76,78,75
,France,46.2276,2.2137,83,79,80,82,77,69,85,84,73,85,79,75,69,45,63,69,76,77,78,68,63,60,62,78,80,85,81,89,89,89,90,84,88,77,86,83,60,71,73,71,77,81,81,79,80,66,50,81,82,85,77,72,68,66,69,84,85,90,83,72,82,91,94,92,92,93,91,84,85,85,81,81,67,74,66,80,75,72,67,64,76,79,73,56,54,56,64,67,77,65,42,53,57,69,61,48,36,56,48,52,44,41,48
,Gabon,-0.8037,11.6094,81,85,86,82,87,79,84,85,87,86,77,78,77,81,86,90,88,83,78,82,84,80,79,81,75,78,78,80,86,85,87,86,88,90,81,80,88,87,88,87,82,88,80,87,77,77,84,85,85,87,75,88,89,88,85,80,93,81,86,90,84,80,82,85,82,87,95,77,79,86,86,85,80,85,87,86,86,86,88,93,86,79,90,80,90,88,76,78,82,85,81,95,83,83,91,82,86,83,88,84,84,90,86
,Gambia,13.4432,-15.3101,7,7,7,7,8,10,10,10,8,8,9,8,7,11,8,5,4,6,8,12,13,13,16,20,16,10,6,8,21,7,6,5,31,39,20,4,4,5,4,6,7,8,15,12,5,7,6,8,4,10,11,8,19,26,16,12,5,6,6,4,3,3,4,5,5,10,16,33,26,28,26,5,6,6,13,18,21,28,28,17,13,13,21,28,14,18,32,23,18,16,17,12,20,21,15,16,13,13,33,20,33,40,39
,Georgia,42.3154,43.3569,86,84,62,56,65,56,49,56,80,84,80,81,81,66,68,57,56,62,56,54,70,79,81,73,64,59,66,56,69,72,79,82,80,82,86,69,67,83,83,60,55,54,66,85,83,54,56,65,64,62,77,74,72,87,70,82,63,52,62,71,87,76,63,52,40,44,52,45,39,28,44,72,60,77,75,85,83,78,75,81,77,66,59,59,64,60,41,41,62,90,82,67,88,65,85,63,86,60,53,54,68,86,86
,Germany,51.0,9.0,82,84,91,89,91,82,88,88,91,90,85,86,90,79,75,89,87,88,89,85,79,76,82,75,75,87,93,88,89,86,85,89,89,86,89,79,84,80,81,81,87,82,83,90,88,86,73,82,85,86,89,81,71,89,89,87,91,94,87,88,85,87,86,90,93,94,87,83,85,92,93,78,78,86,74,75,77,78,75,88,79,60,50,50,49,61,65,65,80,66,75,65,71,85,71,63,56,74,63,59,65,54,55
,Ghana,7.9465,-1.0232,12,10,8,10,16,22,26,27,26,33,56,51,36,16,14,15,21,26,20,28,45,38,28,13,10,10,12,26,18,7,22,20,9,6,7,12,15,9,8,16,39,23,7,9,10,8,7,28,46,43,46,41,37,40,28,11,14,40,38,30,28,52,56,59,52,50,52,49,56,57,54,45,52,59,51,48,49,52,56,64,60,59,64,73,70,59,60,59,61,65,59,59,59,55,61,55,54,59,61,65,74,70,66
,Greece,39.0742,21.8243,45,60,33,31,76,68,54,37,27,28,51,81,88,83,78,64,73,74,79,81,55,23,32,73,82,77,91,84,88,78,67,76,80,78,79,85,85,56,61,63,77,83,86,81,93,95,88,71,44,68,92,83,77,48,48,56,77,81,79,51,56,76,53,78,76,80,74,81,90,83,78,64,53,60,88,84,48,43,56,42,45,74,99,85,98,98,99,94,90,81,73,95,84,92,98,98,96,80,51,45,37,44,54
,Guatemala,15.7835,-90.2308,90,80,75,72,92,90,84,87,93,87,86,81,90,90,91,85,87,92,93,87,91,93,87,80,78,83,77,77,76,81,88,81,94,88,80,80,74,69,88,84,77,80,78,75,74,87,88,82,78,79,81,79,79,92,88,77,71,80,94,90,87,78,75,72,67,71,95,92,92,91,85,80,74,74,75,77,78,75,77,74,73,77,79,72,70,68,68,70,72,72,76,71,75,64,57,62,66,69,67,65,63,59,60
,Guinea,9.9456,-9.6966,12,14,15,14,14,17,21,25,28,21,18,23,17,15,20,22,19,18,17,20,33,42,28,12,9,10,11,12,10,7,8,9,18,10,8,8,9,10,8,8,11,20,8,10,8,7,9,12,25,28,34,42,42,36,24,19,10,19,24,24,13,24,16,24,22,31,38,43,47,45,39,16,18,14,21,26,38,43,44,38,42,54,68,56,59,60,69,59,65,49,37,41,48,42,45,46,51,56,55,53,65,69,68
,Guyana,5.0,-58.75,85,75,74,74,77,69,71,84,89,81,80,84,80,77,89,90,86,87,80,80,80,83,80,73,73,80,79,86,81,85,82,92,79,72,71,75,72,73,72,66,82,72,83,82,81,72,71,74,75,72,71,70,73,63,77,78,77,69,67,73,73,67,67,62,62,75,70,70,74,71,68,69,66,73,77,78,76,76,85,83,89,87,77,76,79,78,74,72,89,91,90,85,76,80,81,76,79,84,87,87,78,85,77
,Haiti,18.9712,-72.2852,82,78,73,73,73,73,69,71,74,69,68,66,67,67,70,69,71,67,71,70,67,74,78,81,73,74,74,73,73,72,74,71,69,76,80,77,72,69,64,66,69,67,70,67,66,64,74,73,76,69,70,69,77,77,79,76,73,70,76,69,75,87,77,81,70,67,73,78,85,78,78,78,80,77,74,68,67,67,70,72,73,70,65,73,77,69,71,73,67,71,69,73,74,77,75,74,72,72,72,71,71,69,65
,Holy See,41.9029,12.4534,57,63,68,77,60,51,49,61,68,74,72,71,73,72,70,72,73,83,79,62,62,70,72,74,82,81,79,83,77,73,77,84,83,79,70,38,28,39,50,67,82,79,68,74,68,56,65,69,77,82,62,64,68,76,77,76,70,53,51,57,76,84,75,73,65,80,77,57,64,63,66,74,79,83,71,62,68,69,62,63,64,69,45,37,49,82,76,78,77,75,73,44,56,62,48,41,48,54,56,62,59,56,59
,Honduras,15.2,-86.2419,86,85,75,75,79,94,95,92,92,92,88,87,82,86,88,85,93,90,91,91,95,97,96,87,86,84,78,78,79,83,85,72,82,95,93,81,79,71,76,78,80,79,78,73,73,78,84,78,79,75,75,83,87,89,89,70,69,73,92,98,98,93,85,75,72,70,82,86,92,95,95,89,89,78,78,78,83,80,81,76,73,82,86,82,74,72,71,67,68,66,72,68,77,69,72,70,69,65,67,68,63,59,57
,Hungary,47.1625,19.5033,79,78,79,79,65,64,63,68,78,73,79,79,79,76,72,74,78,76,85,83,79,73,75,70,75,77,74,87,86,81,79,77,72,70,78,61,60,74,47,53,72,70,66,70,78,82,75,72,70,65,66,68,65,63,56,62,83,68,78,66,64,80,81,87,70,87,78,70,64,65,73,67,70,57,45,54,55,61,59,53,63,45,80,56,62,56,56,55,56,65,47,38,45,53,50,41,41,36,34,28,40,43,44
,Iceland,64.9631,-19.0208,91,93,93,81,90,92,87,90,89,87,88,78,86,89,95,86,93,88,90,89,88,90,92,87,86,88,85,82,95,97,97,88,84,82,89,92,90,89,88,90,95,95,89,83,85,87,93,92,90,90,93,90,90,91,91,91,86,83,83,86,86,82,91,89,83,86,76,87,82,88,90,87,91,91,75,88,92,92,82,87,92,89,92,90,92,93,95,87,94,92,95,94,91,86,84,87,93,95,87,90,87,93,88
,India,21.0,78.0,82,84,78,74,57,56,56,76,63,51,46,46,41,38,55,62,48,62,68,59,64,64,62,56,53,46,46,48,56,52,44,51,45,55,70,64,65,69,61,48,51,51,48,35,36,37,28,20,17,17,39,50,52,48,46,34,27,28,30,31,49,48,32,25,27,27,41,35,40,53,52,33,38,28,16,25,38,56,43,37,38,21,23,30,42,54,50,48,44,42,37,28,18,28,48,51,38,25,17,18,23,24,21
,Indonesia,-0.7893,113.9213,81,85,91,78,86,80,77,75,80,82,88,81,70,78,87,86,81,81,89,86,77,70,74,79,82,83,78,85,78,93,85,74,80,88,82,89,84,87,84,92,88,73,69,75,78,83,85,89,87,76,80,79,68,68,84,80,86,81,92,84,85,81,90,82,86,86,80,85,83,77,68,83,83,81,67,80,82,76,80,89,84,78,81,79,70,79,81,92,72,87,78,73,74,82,81,80,84,77,78,77,79,94,84
,Iran,32.0,53.0,50,40,38,63,48,41,45,39,41,59,81,61,40,71,64,55,51,42,45,59,62,59,49,24,34,55,49,45,34,35,37,33,31,33,20,23,28,28,42,28,19,17,23,13,17,30,26,28,38,34,38,42,27,33,25,26,25,53,35,13,18,18,27,45,33,19,15,18,14,10,4,4,7,10,41,37,33,39,41,22,23,47,45,60,54,49,50,55,56,41,22,26,32,27,20,13,15,18,56,60,43,43,31
,Iraq,33.0,44.0,62,56,49,59,61,59,53,50,53,59,61,48,62,62,51,44,37,57,66,64,73,86,73,67,75,63,67,65,56,59,53,38,56,56,51,44,39,42,47,45,23,39,35,23,38,28,37,66,64,61,68,60,44,55,52,89,67,59,55,50,49,51,47,47,41,31,45,49,37,31,24,22,18,62,75,62,50,59,53,49,64,68,51,38,37,48,43,62,55,37,35,26,40,34,34,28,28,39,35,48,35,30,37
,Ireland,53.1424,-7.6921,86,86,84,86,86,82,84,85,88,86,88,89,83,87,82,86,85,85,79,85,89,91,92,88,85,85,89,86,88,86,85,84,85,80,80,82,83,85,86,87,85,81,86,88,82,87,81,83,86,90,82,87,85,85,87,87,82,83,90,86,82,83,81,82,85,82,87,85,89,85,86,82,85,90,81,81,91,80,78,75,70,71,77,76,79,83,84,74,65,76,77,79,86,85,81,83,76,73,72,80,79,78,86
,Israel,31.0,35.0,73,75,57,68,55,49,52,64,74,81,78,72,80,72,60,49,70,87,72,79,81,85,77,77,64,69,62,64,83,75,71,75,78,77,81,74,54,74,71,84,81,75,67,64,63,53,80,75,65,84,87,69,72,70,79,85,76,67,54,69,82,76,60,42,31,73,82,60,40,75,57,47,86,96,86,75,75,78,72,69,88,75,56,48,73,52,50,76,55,28,35,71,67,45,31,31,67,69,67,66,73,77,63
,Italy,43.0,12.0,64,65,78,83,69,63,68,70,66,80,77,75,74,77,77,79,79,87,80,70,74,74,74,77,85,86,82,78,71,76,85,84,82,79,72,40,37,46,66,72,77,65,67,72,69,56,60,68,78,79,60,60,60,68,77,76,69,47,50,55,84,84,84,83,69,80,81,66,61,62,60,78,78,79,64,56,64,62,55,59,64,72,49,56,72,85,77,69,65,78,74,50,53,60,48,51,51,47,42,38,41,43,35
,Jamaica,18.1096,-77.2975,77,77,79,78,76,70,78,82,77,78,74,66,69,71,75,73,76,73,71,75,77,76,82,73,74,77,74,76,76,76,73,73,76,76,82,81,78,75,74,70,77,76,73,72,72,75,73,80,75,77,80,77,74,81,82,83,84,78,77,80,84,80,80,78,74,73,74,75,79,80,78,80,75,74,73,72,70,72,73,77,77,74,77,75,76,75,72,68,75,72,77,75,75,75,73,74,75,74,71,71,69,71,72
,Japan,36.0,138.0,60,67,69,69,70,69,79,86,71,80,65,75,71,62,75,61,71,75,66,66,63,57,92,78,71,74,79,88,86,77,69,64,60,66,59,65,52,44,69,62,57,62,48,84,74,63,84,74,60,59,67,69,86,57,51,76,94,74,59,75,81,75,66,72,64,60,68,91,73,95,68,56,55,93,75,65,54,70,67,63,45,72,64,52,56,49,71,94,94,84,90,96,71,46,53,67,52,49,52,53,55,61,74
,Jordan,31.24,36.51,56,67,68,72,60,43,57,69,77,83,76,73,77,74,54,21,62,81,74,74,85,81,77,79,62,56,44,41,79,68,72,74,75,54,75,60,47,65,71,82,80,76,66,63,63,42,59,69,66,76,79,61,69,65,70,85,77,60,47,63,75,71,59,30,18,44,76,61,35,39,43,44,72,87,77,66,72,75,67,66,78,73,46,41,59,48,47,62,56,31,27,60,64,49,36,15,45,52,56,61,68,72,56
,Kazakhstan,48.0196,66.9237,86,86,88,89,86,80,81,82,65,71,76,70,75,87,83,86,81,82,81,77,83,89,87,83,82,84,86,84,75,73,62,71,73,78,86,87,81,83,80,84,72,60,63,80,80,85,84,81,77,76,73,78,85,83,81,86,91,84,79,78,77,85,67,47,51,72,59,46,28,37,62,73,65,76,79,71,75,71,67,74,90,79,76,71,64,61,50,71,74,68,56,81,75,63,66,72,60,61,55,75,75,56,60
,Kenya,-0.0236,37.9062,74,83,82,84,78,81,87,87,83,82,80,79,85,86,83,80,72,64,67,71,63,63,73,81,88,91,91,91,90,89,82,89,83,89,81,83,81,75,75,71,64,61,69,82,77,82,81,80,80,85,76,78,81,80,72,65,81,83,77,70,74,78,79,79,68,60,75,79,81,83,80,80,79,85,78,81,84,85,83,86,80,72,68,81,77,81,90,88,78,82,84,77,81,83,78,79,82,80,82,86,81,75,80
,"Korea, South",36.0,128.0,59,68,68,56,47,69,90,84,72,56,66,68,65,51,57,39,36,40,67,65,36,52,81,61,79,78,92,89,84,78,80,72,64,66,50,42,25,38,65,57,61,47,90,81,65,72,82,74,61,60,63,55,65,49,28,89,89,85,88,79,78,63,66,66,54,41,70,70,71,95,60,36,53,44,53,48,57,44,53,37,46,49,38,51,59,72,88,55,66,61,56,38,45,31,40,26,37,37,38,43,67,67,72
,Kuwait,29.5,47.75,45,57,78,62,47,47,51,55,36,41,55,40,39,52,45,43,52,46,50,52,51,50,50,60,48,52,48,50,56,67,68,45,37,40,37,47,50,56,37,34,45,24,25,24,33,31,35,50,70,50,54,56,56,62,67,63,43,55,45,48,50,37,37,38,34,34,28,42,36,25,19,19,36,53,71,56,53,66,41,36,55,36,46,45,51,56,65,61,53,32,37,43,44,27,22,21,18,28,52,55,49,22,22
,Kyrgyzstan,41.2044,74.7661,78,67,69,77,71,70,75,75,69,68,74,77,84,77,78,76,79,52,43,57,64,74,72,57,69,83,78,74,62,60,54,52,59,61,72,70,73,68,59,60,69,85,79,85,79,73,77,69,90,77,63,55,62,85,87,88,79,88,93,90,81,78,79,87,86,87,85,85,75,72,74,73,69,66,63,60,69,78,80,72,74,72,64,93,95,80,71,77,53,45,54,60,68,51,40,42,52,51,59,64,54,49,67
,Latvia,56.8796,24.6032,79,81,81,85,80,91,90,86,86,93,85,85,88,88,84,84,83,81,86,83,85,81,81,87,84,88,90,85,92,93,92,92,91,89,79,78,76,62,87,81,85,90,92,88,91,82,81,74,78,90,86,84,88,88,82,90,89,91,89,87,86,89,89,87,88,78,85,86,78,88,90,87,88,77,74,69,79,84,73,82,63,56,56,60,57,52,55,56,61,56,49,81,85,71,69,62,64,52,56,69,67,56,60
,Lebanon,33.8547,35.8623,96,97,93,99,99,83,81,99,99,92,85,92,91,78,70,76,81,96,98,99,96,82,91,90,61,59,62,63,93,94,95,97,83,83,88,78,62,100,100,95,94,88,100,96,84,74,75,88,83,94,93,88,100,92,86,92,86,63,55,86,94,90,66,44,35,83,88,52,47,62,37,49,91,97,88,81,91,100,100,100,98,86,53,61,78,63,59,88,87,87,72,94,83,66,41,38,68,78,83,88,96,91,74
,Liberia,6.4281,-9.4295,54,54,34,27,39,51,61,62,61,66,75,65,57,50,50,56,64,61,62,70,75,78,68,54,56,62,67,71,64,64,62,66,68,60,56,57,65,59,60,65,70,74,49,37,55,60,59,64,68,70,78,80,73,70,77,64,65,71,77,68,67,70,77,74,78,79,77,76,79,86,77,76,75,82,85,80,82,82,79,77,83,80,86,85,79,78,84,78,79,76,75,80,78,76,78,78,85,79,82,85,79,82,82
,Liechtenstein,47.14,9.55,71,73,80,100,90,59,81,47,57,77,94,46,50,55,67,77,79,100,99,63,57,61,56,60,83,93,92,99,100,90,99,99,100,100,97,99,70,68,73,76,93,99,99,81,100,80,71,85,96,99,90,96,74,88,97,92,100,96,91,87,98,95,99,96,99,100,99,91,99,100,100,97,99,100,90,83,87,91,87,84,100,100,82,76,84,83,90,96,100,100,94,85,85,94,83,72,67,67,67,76,73,70,68
,Lithuania,55.1694,23.8813,79,78,72,84,80,88,87,84,88,91,86,82,90,84,76,77,81,81,87,84,87,83,79,89,84,86,85,84,88,91,93,92,87,85,83,74,80,60,82,72,82,89,91,87,85,78,76,69,80,83,83,82,85,83,81,91,86,87,85,84,81,84,86,85,80,74,89,90,83,85,84,80,81,72,62,53,77,76,69,77,64,51,55,54,53,52,53,55,65,49,69,80,88,72,70,73,55,46,56,61,51,52,46
,Luxembourg,49.8153,6.1296,83,87,90,85,87,83,88,88,90,89,84,87,90,76,75,87,85,86,83,81,76,68,77,72,82,87,91,89,88,87,88,89,88,88,87,79,81,76,84,82,86,87,89,89,86,82,71,87,85,84,87,81,77,87,88,88,88,91,85,89,89,91,90,89,93,91,81,84,87,90,89,86,83,82,77,78,79,80,76,77,87,60,46,42,43,53,67,65,68,56,70,56,64,76,66,56,54,70,56,49,56,55,49
,Madagascar,-18.7669,46.8691,96,99,99,92,80,77,87,91,88,77,69,74,80,82,76,81,97,94,97,99,100,99,99,95,93,92,97,90,88,93,82,70,72,69,76,73,65,77,73,70,71,65,60,71,85,96,98,96,87,95,98,97,96,98,98,93,93,85,86,80,77,86,90,86,81,74,82,89,77,78,79,76,71,72,78,79,84,88,92,88,95,87,76,74,79,82,84,85,84,69,68,70,71,81,72,76,77,79,78,74,73,70,75
,Malaysia,2.5,112.5,93,94,91,94,91,92,88,89,92,96,94,97,92,94,91,93,95,92,93,91,90,89,92,91,88,93,94,88,95,95,84,82,86,94,98,98,90,83,84,94,93,88,84,89,94,93,92,98,93,96,90,92,91,89,92,96,98,93,97,93,96,92,98,92,97,91,88,86,94,93,90,92,93,93,87,86,95,93,90,98,83,91,93,91,82,97,89,95,89,87,91,83,88,89,90,90,88,94,81,88,94,91,87
,Maldives,3.2028,73.2207,73,73,78,76,77,76,75,75,75,73,73,74,75,70,71,71,72,75,79,78,78,78,81,83,77,73,71,70,71,71,71,71,70,72,72,73,74,72,71,73,74,72,75,78,78,77,77,77,77,71,73,77,79,79,78,76,77,76,74,71,72,71,73,72,70,68,71,65,68,72,69,70,77,76,72,71,75,75,72,72,73,71,70,68,66,69,70,68,65,67,68,74,72,69,67,71,68,67,67,70,72,67,69
,Malta,35.9375,14.3754,60,62,65,75,68,48,56,68,64,63,72,77,79,81,79,74,74,72,68,73,77,72,72,78,82,81,76,80,79,76,83,83,84,84,79,54,60,56,63,67,75,72,78,77,79,66,71,72,75,79,74,64,74,66,80,80,79,67,76,79,79,77,76,78,71,83,76,75,74,83,71,77,82,78,85,77,77,68,73,74,78,86,84,86,88,74,70,71,75,87,78,82,83,82,81,71,75,74,68,76,75,72,71
,Mauritania,21.0079,10.9408,35,42,43,43,40,34,28,28,22,23,33,26,27,31,41,47,45,37,32,28,19,13,13,7,4,6,7,6,9,9,12,14,13,11,15,23,24,15,13,13,12,11,10,7,7,7,12,18,22,22,14,11,11,16,24,21,12,9,5,5,8,6,4,3,8,6,5,3,14,12,10,24,21,12,8,4,3,4,5,5,7,17,6,7,7,3,5,6,7,11,8,5,4,2,2,6,7,9,9,7,8,8,9
,Mauritius,-20.2,57.5,86,83,82,87,88,88,83,86,77,72,75,73,81,81,79,81,78,77,80,79,84,91,87,92,89,84,80,75,77,76,83,76,76,80,78,76,74,73,75,73,82,86,80,78,80,81,73,76,77,73,74,71,69,79,75,77,86,89,87,87,83,88,87,86,87,87,87,84,87,88,86,86,90,86,80,79,79,82,75,70,69,81,86,87,82,77,78,82,84,83,81,84,81,84,85,79,74,75,74,77,77,78,77
,Mexico,23.6345,-102.5528,64,75,66,59,50,40,34,39,51,49,44,33,40,41,55,52,63,75,71,79,76,67,61,51,45,82,74,57,51,43,46,56,46,64,81,65,52,24,32,31,32,56,51,39,31,52,57,47,36,36,36,44,63,56,47,39,30,34,48,30,42,33,34,35,38,28,65,55,64,63,62,57,44,41,34,52,62,49,38,36,37,56,48,35,22,25,22,28,19,47,47,31,51,27,22,20,21,20,20,21,26,21,30
,Moldova,47.4116,28.3699,83,80,69,74,87,82,75,69,69,74,78,80,77,76,78,77,79,72,69,69,68,53,71,62,56,67,70,79,83,70,72,81,76,76,80,89,62,69,63,57,64,77,65,63,61,82,71,61,70,69,64,79,77,62,68,59,50,81,66,69,60,69,60,62,77,77,63,80,87,76,68,63,66,65,50,40,40,60,54,62,71,81,61,43,37,41,40,39,43,52,51,39,28,37,42,33,27,23,25,30,35,32,33
,Monaco,43.7333,7.4167,55,67,70,57,55,66,75,50,53,56,60,49,69,69,78,76,76,74,51,38,35,48,65,62,75,81,73,61,48,56,74,77,69,75,40,30,43,41,63,63,56,37,40,54,54,62,69,82,70,65,56,64,64,71,75,67,33,39,47,64,77,80,66,53,68,77,53,49,66,48,73,84,84,85,71,59,57,55,57,72,71,67,66,53,42,39,53,64,70,82,81,56,57,60,46,53,50,47,46,41,44,42,48
,Mongolia,46.8625,103.8467,52,52,45,56,75,68,69,75,63,65,84,72,63,53,59,65,66,50,56,57,67,63,63,52,49,41,52,64,64,65,56,60,54,60,56,52,66,56,55,40,31,33,65,73,69,41,35,53,71,69,76,56,41,50,90,84,82,73,73,82,69,83,64,50,64,56,65,84,62,57,85,70,56,51,41,43,33,37,42,61,49,26,28,38,48,31,36,19,15,60,49,24,22,15,17,31,43,48,38,28,25,18,15
,Montenegro,42.5,19.3,61,49,42,48,62,51,42,40,51,53,63,70,76,79,62,48,59,66,84,65,53,49,46,54,91,94,92,95,92,70,69,84,86,90,94,71,52,64,68,69,90,96,89,72,89,71,62,57,64,76,67,57,56,56,69,71,97,87,90,71,78,96,98,94,81,92,94,92,87,74,74,74,73,78,73,73,74,62,59,62,61,63,63,76,75,75,85,82,72,66,75,85,73,73,65,60,47,42,46,51,50,54,56
,Morocco,31.7917,-7.0926,34,40,46,49,52,53,36,32,43,46,62,42,33,35,28,22,20,14,45,86,65,69,59,54,62,68,48,31,28,28,30,26,15,15,15,15,21,43,52,36,26,18,28,36,25,24,21,22,28,56,43,30,18,11,11,20,20,20,19,35,50,54,45,23,36,69,35,14,15,15,11,18,31,56,62,79,74,72,80,85,87,71,69,90,80,69,80,88,81,65,61,64,64,34,27,56,64,51,44,46,59,67,85
,Namibia,-22.9576,18.4904,48,55,43,49,41,54,66,38,23,20,45,56,46,36,35,28,34,39,21,12,12,12,19,21,20,11,11,9,6,27,24,22,19,20,30,44,54,40,18,21,22,46,50,52,43,47,51,60,77,71,71,70,71,91,84,81,79,76,76,78,91,88,70,60,53,39,42,34,33,33,25,24,24,20,28,48,57,63,54,55,54,53,50,54,46,28,28,40,63,80,83,52,64,64,55,52,45,22,37,53,65,56,41
,Nepal,28.1667,84.25,37,49,71,71,67,56,69,69,67,57,59,62,59,46,42,60,86,60,53,48,51,47,53,60,57,69,69,56,51,56,56,60,62,54,56,52,55,48,51,44,43,50,57,60,60,56,63,64,59,59,59,61,55,52,50,69,77,63,50,49,51,59,56,60,51,53,74,50,46,51,50,34,45,62,60,43,40,54,57,61,60,64,56,46,55,42,40,39,31,28,28,43,39,28,26,28,25,26,37,31,22,27,23
Aruba,Netherlands,12.5186,-70.0358,76,74,75,76,74,77,81,79,77,74,76,73,75,76,76,78,79,78,77,76,79,80,79,79,77,76,82,79,78,76,77,79,79,79,78,76,75,76,76,75,79,78,76,79,80,79,78,79,79,82,82,79,77,78,75,75,80,78,77,76,73,73,73,72,75,75,74,73,75,73,74,75,75,73,75,75,77,72,74,74,75,76,75,77,75,75,75,73,74,74,76,72,75,76,79,83,82,82,81,80,80,81,81
Curacao,Netherlands,12.1696,-68.99,77,76,76,77,77,82,82,81,78,77,77,75,77,78,78,80,80,80,78,77,79,79,79,79,77,79,81,80,79,77,79,80,80,80,78,76,75,76,76,76,79,78,77,79,80,80,79,78,80,83,82,80,76,76,75,77,80,77,76,76,74,73,73,72,75,75,74,74,76,73,76,75,75,75,77,76,79,73,74,75,77,77,78,77,76,76,75,75,76,75,78,73,76,77,81,84,83,82,82,81,81,83,81
Sint Maarten,Netherlands,18.0425,-63.0548,84,82,82,78,79,75,75,78,79,80,75,77,78,77,79,78,78,77,79,83,84,79,78,85,82,81,82,81,80,79,79,79,79,76,76,79,81,79,79,76,79,78,78,80,77,79,82,80,81,78,77,74,75,77,73,74,79,81,77,79,82,78,74,74,77,77,78,79,72,72,74,77,79,79,78,74,78,78,79,77,77,80,81,79,79,73,78,78,78,76,75,71,70,72,73,69,71,79,84,83,77,78,78
,Netherlands,52.1326,5.2913,83,86,88,87,87,80,87,89,91,88,81,83,85,84,78,83,81,82,80,82,82,90,84,79,77,86,89,89,86,84,83,82,84,84,85,82,84,75,83,82,82,78,72,89,86,80,79,82,80,84,86,79,72,85,88,84,90,93,86,85,80,91,85,82,89,90,80,85,85,90,87,74,81,83,81,77,70,65,83,71,64,53,44,40,40,46,55,66,56,75,65,70,77,78,61,52,52,66,62,57,56,47,49
,New Zealand,-40.9006,174.886,80,84,78,69,78,63,60,60,71,73,76,83,82,64,63,65,68,72,78,77,80,83,86,85,81,84,88,88,86,80,79,77,85,86,85,74,69,68,74,67,74,77,77,79,73,75,77,88,90,87,79,82,83,71,69,70,74,79,79,81,69,77,82,79,61,65,72,72,82,80,73,68,72,73,77,78,69,66,77,77,81,85,84,66,74,78,77,85,86,82,84,85,79,78,76,73,71,84,83,71,71,78,77
,Nicaragua,12.8654,-85.2072,80,85,82,80,79,79,87,81,76,85,85,88,86,87,88,86,89,89,83,83,78,77,76,78,80,77,75,78,78,80,76,79,77,73,78,80,80,74,76,77,80,85,82,78,78,78,75,81,78,80,77,72,77,74,72,69,75,70,72,73,85,76,81,71,69,68,75,71,78,84,81,82,74,67,74,74,72,74,75,76,76,77,80,78,76,75,77,78,73,69,72,73,67,66,67,64,66,65,68,65,67,65,67
,Niger,17.6078,8.0817,23,20,26,26,21,20,21,24,35,33,31,28,28,20,27,22,26,32,28,24,20,16,14,13,10,10,8,10,10,8,10,12,12,10,13,15,15,15,13,12,11,10,12,11,10,9,9,15,18,18,18,20,15,15,16,17,15,15,12,8,9,11,10,7,5,8,7,4,4,5,5,8,16,14,15,14,7,5,5,6,8,15,11,10,12,8,6,5,7,11,12,7,5,4,3,2,3,3,6,6,6,6,7
,Nigeria,9.082,8.6753,17,17,22,25,26,28,28,25,20,23,26,25,19,18,13,11,12,19,25,23,19,13,10,5,5,7,11,9,7,6,7,10,9,12,13,12,13,13,12,16,17,10,12,16,15,11,10,11,27,14,14,14,13,9,8,13,13,14,15,12,27,50,34,18,10,8,16,19,10,25,46,20,8,8,7,13,10,17,20,28,55,55,61,70,68,64,56,44,41,50,57,65,69,63,69,70,64,68,62,70,63,41,30
,North Macedonia,41.6086,21.7453,61,63,52,41,67,60,53,42,46,52,62,85,77,75,70,64,69,69,72,66,56,48,49,53,65,77,83,74,79,69,60,62,68,68,67,85,72,71,75,74,77,80,74,68,81,72,68,65,61,63,76,57,62,56,56,61,56,57,73,53,54,60,56,81,68,64,86,87,82,80,66,60,60,56,82,77,56,47,44,44,52,64,81,90,91,89,90,90,70,60,62,88,82,80,86,84,61,44,41,43,38,41,47
,Norway,60.472,8.4689,70,72,75,68,80,84,78,80,76,66,72,77,73,78,79,76,86,84,76,83,75,68,78,75,76,79,84,84,87,78,82,82,74,75,76,76,80,71,82,81,78,75,74,73,77,81,79,77,77,78,82,78,81,73,75,81,79,80,76,83,86,84,88,86,79,71,75,86,81,86,77,76,71,67,82,81,75,76,76,74,68,70,63,55,82,84,81,66,67,69,77,80,77,69,71,87,80,76,78,70,73,83,78
,Oman,21.0,57.0,36,37,51,59,65,62,38,43,61,66,68,37,47,47,42,48,44,48,56,56,45,56,62,62,57,45,46,48,39,41,23,48,56,46,32,35,55,56,49,56,56,60,47,37,46,37,32,50,56,51,51,65,64,57,53,47,51,40,28,42,38,55,46,24,33,50,49,49,44,31,41,46,34,36,51,57,57,55,56,56,55,61,55,30,26,21,40,53,56,59,37,17,28,49,41,28,16,6,7,20,34,41,47
,Pakistan,30.3753,69.3451,48,56,59,52,78,93,73,39,34,49,54,82,76,66,66,48,41,39,40,57,70,66,45,60,66,61,70,56,45,52,48,35,48,63,50,56,36,23,31,45,54,51,50,40,15,14,10,10,13,23,37,57,57,55,51,36,27,40,62,57,62,54,59,67,83,83,61,45,61,63,96,93,74,57,57,54,52,47,44,52,56,60,85,67,61,79,78,53,47,70,79,65,31,33,46,37,42,35,37,41,34,41,36
,Panama,8.538,-80.7821,99,96,92,94,89,94,94,93,93,94,92,94,94,94,95,95,94,94,95,95,95,92,93,98,98,96,92,93,96,96,89,90,91,97,93,95,93,87,88,92,92,90,94,93,94,93,94,95,95,94,94,94,96,94,86,83,81,87,91,88,89,86,88,91,86,86,92,92,87,88,87,85,88,86,86,89,86,83,90,90,88,91,90,90,88,87,84,82,89,88,91,91,87,88,80,87,82,88,92,91,93,87,89
,Papua New Guinea,-6.315,143.9555,98,98,100,100,95,99,96,98,96,97,95,91,90,88,83,87,71,79,78,89,92,99,93,96,100,94,91,91,94,95,82,98,91,88,88,90,91,94,95,87,87,86,87,92,87,80,81,87,80,79,84,89,95,95,98,95,93,96,95,95,99,98,96,96,96,99,97,99,99,95,95,97,85,88,93,93,99,96,97,98,96,96,96,97,97,95,97,99,98,95,91,92,93,95,92,94,96,96,98,97,97,91,97
,Paraguay,-23.4425,-58.4438,61,63,53,56,49,49,48,72,72,64,57,61,68,76,66,54,61,76,67,64,56,63,84,81,66,53,47,47,46,66,90,69,68,69,65,61,66,61,75,67,63,64,53,60,62,59,57,52,51,46,67,69,50,39,46,48,60,65,41,45,44,44,47,48,44,35,36,34,35,38,34,34,35,42,41,38,52,59,57,83,60,50,46,47,42,48,51,61,77,69,69,57,52,64,45,42,47,80,60,45,48,51,52
,Peru,-9.19,-75.0152,76,88,87,81,80,81,75,85,72,65,68,68,67,68,68,86,72,74,83,76,70,71,86,90,83,73,67,63,77,93,77,81,76,69,86,84,78,83,92,71,90,92,85,77,73,84,81,80,66,73,76,68,78,96,78,71,75,86,89,82,80,91,69,71,80,72,79,69,83,82,74,72,70,68,68,72,77,89,86,72,89,92,93,87,79,67,63,81,81,89,86,76,88,67,70,81,76,72,79,91,76,75,92
,Philippines,13.0,122.0,77,81,77,80,79,79,84,82,77,76,74,75,78,79,79,83,80,84,77,74,69,72,72,81,83,83,80,77,76,74,78,75,73,67,71,78,80,84,80,81,74,72,73,79,78,77,76,75,77,78,75,75,73,78,78,76,80,80,76,75,73,75,78,78,76,82,83,80,82,79,80,76,75,76,75,78,80,75,79,78,77,77,75,74,71,71,73,75,75,72,73,76,76,77,74,74,74,72,74,75,75,72,77
,Poland,51.9194,19.1451,83,60,66,88,79,85,79,82,88,86,84,73,80,75,56,76,76,82,86,79,67,85,86,75,76,73,78,84,89,89,85,85,86,90,91,74,86,65,52,66,77,82,74,75,91,81,59,56,74,77,85,82,67,86,85,87,89,86,85,74,67,88,84,78,72,78,90,78,69,74,78,79,69,63,43,43,69,66,72,81,67,61,51,51,49,53,54,48,70,65,69,59,62,60,66,50,36,37,54,45,53,44,38
,Portugal,39.3999,-8.2245,76,82,81,76,73,72,72,65,78,66,64,68,75,82,87,81,82,88,65,41,53,77,90,87,88,85,92,89,85,89,93,91,83,77,76,66,71,81,91,82,83,81,83,85,78,76,80,79,66,62,69,62,54,51,59,78,68,73,62,81,91,80,84,85,81,69,66,77,70,66,65,72,76,66,74,61,56,57,59,94,84,75,73,66,68,73,65,62,62,80,88,90,76,67,66,90,86,82,83,90,82,73,77
,Qatar,25.3548,51.1839,61,59,56,31,73,61,63,59,66,83,59,50,45,44,51,63,62,60,46,61,55,56,72,56,50,52,56,64,57,46,53,49,56,56,60,57,44,28,44,53,49,52,51,62,62,55,61,56,43,38,45,59,55,66,54,49,47,54,57,56,47,55,49,47,52,50,40,44,54,56,51,38,40,34,28,45,59,54,56,51,64,64,44,44,41,53,49,38,45,38,34,28,28,40,33,26,25,16,13,19,17,10,43
,Romania,45.9432,24.9668,88,82,72,73,93,84,72,69,69,79,82,86,81,74,74,68,73,56,71,77,75,74,85,66,59,82,83,88,86,86,76,87,80,88,89,91,66,89,65,62,71,81,78,77,65,88,72,65,72,86,87,81,84,65,71,60,62,93,80,84,64,70,62,67,91,76,70,91,92,89,81,69,66,63,60,32,34,53,53,56,56,92,83,50,37,44,46,52,52,70,88,55,55,55,53,44,27,27,31,37,38,45,41
,Russia,60.0,90.0,78,90,91,85,87,82,81,90,81,73,70,72,76,85,87,89,82,81,79,74,77,70,77,94,93,81,77,86,86,67,67,56,59,62,67,77,84,84,85,86,75,75,80,73,74,83,82,83,87,83,87,90,91,87,76,76,79,78,83,85,80,74,80,85,82,77,66,83,90,86,83,90,86,74,90,94,70,79,80,89,94,95,77,69,87,85,87,86,84,80,87,81,77,78,80,73,64,73,81,70,71,79,75
,Rwanda,-1.9403,29.8739,70,65,66,76,77,78,80,85,80,81,84,89,84,77,72,74,81,78,84,72,68,72,79,89,74,69,79,98,95,85,84,98,93,88,90,92,94,76,68,61,51,53,65,69,61,79,73,70,76,76,76,72,73,71,78,83,82,76,91,82,82,92,84,92,86,81,75,82,88,90,88,86,92,80,72,82,86,96,89,81,93,80,80,79,87,77,86,91,84,78,84,86,78,84,81,77,75,71,84,85,95,91,89
,Saint Lucia,13.9094,-60.9789,78,79,80,82,81,84,82,77,80,81,77,83,82,82,81,82,81,81,85,77,80,80,89,84,83,84,77,78,80,84,82,81,81,80,79,77,80,79,77,81,82,79,82,84,78,78,76,82,85,86,85,77,76,74,84,86,80,82,80,79,77,77,75,82,77,74,78,76,76,75,81,80,79,83,85,79,77,78,78,79,80,83,82,78,79,78,78,79,78,81,79,76,75,79,79,81,81,80,79,78,78,80,77
,Saint Vincent and the Grenadines,12.9843,-61.2872,74,74,73,73,73,75,77,73,75,75,72,75,75,74,76,75,75,75,77,72,76,76,79,80,79,77,75,72,77,77,76,77,77,77,74,72,74,74,72,72,75,74,75,77,74,73,73,73,77,81,80,71,71,70,79,80,76,75,74,74,72,72,73,75,73,70,72,75,72,73,76,73,75,77,80,78,74,74,74,74,75,78,78,74,74,74,74,76,75,76,73,71,71,74,77,79,77,77,77,75,76,77,75
,San Marino,43.9424,12.4578,64,77,71,86,74,72,82,76,61,81,87,84,84,80,84,87,84,94,87,84,83,84,84,87,96,96,90,74,68,75,85,85,85,85,62,41,38,36,71,73,71,57,57,63,76,61,62,72,89,89,71,62,70,68,77,74,67,67,52,43,83,75,78,96,73,75,96,77,70,74,57,76,82,86,68,68,79,70,69,76,80,85,56,59,87,98,99,87,77,87,80,61,66,73,66,69,67,54,45,33,40,43,46
,Saudi Arabia,24.0,45.0,46,38,38,49,47,48,55,56,27,28,45,47,32,28,28,25,36,18,38,40,40,34,37,31,34,39,42,21,21,30,27,34,23,15,27,34,30,24,38,21,31,42,31,17,12,8,7,7,5,8,28,33,30,41,37,22,23,31,22,22,14,19,15,9,12,16,10,19,28,22,13,13,7,22,30,34,32,24,9,22,6,13,15,8,10,10,8,13,23,34,24,18,10,8,32,42,26,17,13,16,17,8,11
,Senegal,14.4974,-14.4524,5,4,5,5,6,7,7,7,5,5,6,4,5,8,5,3,4,5,6,8,9,8,10,18,12,8,6,5,5,5,5,4,16,22,4,3,3,3,4,5,6,5,10,9,5,6,5,5,4,5,5,6,10,16,11,4,5,4,3,2,2,2,3,2,2,3,4,7,4,5,5,4,4,5,15,11,7,15,17,10,10,9,16,25,10,8,23,19,13,13,11,11,12,11,12,13,9,6,12,6,8,20,28
,Serbia,44.0165,21.0059,87,83,68,70,88,79,70,66,66,60,76,83,78,75,74,76,74,69,82,81,72,64,73,57,69,76,91,81,82,80,61,69,77,73,79,92,63,81,65,67,68,89,74,70,85,82,73,61,73,68,85,69,69,60,62,55,59,85,85,66,55,50,53,93,68,67,81,92,85,94,72,65,60,56,68,53,48,50,45,45,46,61,52,86,77,74,65,61,59,67,50,85,72,64,57,50,31,25,31,34,39,49,45
,Seychelles,-4.6796,55.492,81,81,80,84,82,82,84,81,83,85,89,84,84,87,87,87,90,93,89,87,80,81,83,85,84,83,84,86,86,91,87,88,85,85,81,77,84,81,86,86,86,83,83,79,76,78,82,82,80,83,84,81,82,85,83,89,83,81,83,89,81,85,81,82,88,84,83,80,79,76,76,76,77,77,74,77,77,75,74,76,78,76,85,84,80,82,81,80,77,76,79,80,80,79,81,85,82,83,81,80,82,78,75
,Singapore,1.2833,103.8333,75,82,81,79,78,79,83,79,80,80,78,78,75,75,78,79,76,80,79,79,86,80,78,73,73,76,80,80,86,80,75,76,78,73,72,75,74,72,70,84,84,84,81,79,79,76,79,76,80,75,77,81,78,77,82,76,75,74,74,72,73,76,76,77,84,80,81,79,78,79,79,76,76,77,76,75,72,75,75,76,78,81,83,78,77,78,79,77,75,74,72,74,77,79,78,79,81,76,78,78,72,73,78
,Slovakia,48.669,19.699,81,42,56,94,83,70,73,82,90,82,93,92,93,90,83,87,90,86,88,86,74,70,81,74,74,78,93,97,96,93,97,97,93,99,96,76,77,88,79,74,94,90,88,89,95,93,92,92,91,91,86,91,85,97,82,88,96,82,91,88,94,96,100,98,87,99,92,87,84,80,97,86,72,66,49,56,62,71,73,76,96,60,65,53,54,54,62,77,78,70,52,57,54,64,63,53,51,40,31,32,52,46,54
,Slovenia,46.1512,14.9955,78,66,64,70,70,66,56,64,56,75,80,77,73,75,79,75,81,83,80,77,73,57,70,64,79,90,86,87,85,78,75,79,79,79,76,54,44,55,71,70,81,85,81,75,71,74,71,72,87,78,66,56,57,70,80,83,92,73,56,59,85,83,86,79,72,92,79,69,71,71,64,66,86,77,59,52,54,64,64,64,74,64,38,56,79,85,75,68,71,83,52,54,47,50,56,53,51,42,35,38,42,56,46
,Somalia,5.1521,46.1996,60,57,54,52,60,60,61,54,51,56,56,64,61,56,47,37,42,53,52,52,55,57,56,60,59,57,55,53,50,48,49,52,55,51,51,51,43,46,49,51,56,57,52,47,53,56,56,52,56,56,56,55,53,53,53,59,47,49,46,47,50,50,51,48,51,55,52,56,60,51,49,54,53,55,57,60,52,54,60,57,56,54,60,61,63,78,65,56,56,63,61,56,52,46,48,50,49,48,51,51,54,54,52
,South Africa,-30.5595,22.9375,28,19,28,22,14,21,51,67,45,41,32,31,38,28,18,14,20,44,44,35,19,36,37,32,27,31,27,11,6,22,11,28,39,28,30,34,47,56,56,55,36,31,33,35,11,22,54,56,68,65,63,50,30,39,32,28,46,73,56,54,65,60,44,34,31,33,23,26,38,69,64,61,53,42,34,48,56,60,33,16,27,34,43,18,19,38,31,17,16,44,71,59,55,63,57,33,26,43,33,21,61,54,47
,Spain,40.0,-4.0,72,72,82,71,70,63,61,59,74,62,66,62,70,74,76,68,73,84,56,39,62,76,76,80,86,83,79,82,80,79,82,82,84,79,73,56,76,77,84,82,81,81,83,81,80,75,76,82,71,62,59,46,39,42,45,62,61,61,55,69,77,65,77,77,71,59,52,63,56,50,59,53,60,66,66,85,79,68,66,70,82,78,81,72,66,49,68,60,53,62,90,80,70,57,55,59,74,82,71,71,91,78,56
,Sri Lanka,7.0,81.0,87,91,88,86,82,86,87,92,80,73,87,92,87,81,77,84,89,88,88,92,93,99,95,92,89,85,75,67,69,63,63,73,80,89,87,92,85,82,76,74,79,87,97,96,94,87,85,84,69,73,86,95,94,97,90,89,84,79,79,82,81,81,68,57,65,85,88,83,78,77,66,73,68,65,75,83,90,85,81,69,65,62,66,64,72,70,71,71,76,84,71,64,50,65,84,79,79,70,68,70,73,79,82
,Sudan,12.8628,30.2176,17,14,11,15,16,10,10,9,12,15,17,11,17,11,16,13,15,18,24,11,11,14,12,12,12,15,17,12,12,11,16,14,12,11,8,7,7,7,9,10,10,13,10,9,12,11,19,16,14,15,16,10,8,8,11,15,9,10,9,6,6,6,6,4,5,8,6,5,4,4,6,20,24,16,11,6,7,8,7,4,3,5,4,4,6,6,6,7,7,6,5,6,6,6,3,3,5,7,8,11,13,6,6
,Suriname,3.9193,-56.0278,78,76,70,71,72,68,71,68,80,75,81,73,81,84,90,86,86,83,80,74,79,79,66,63,62,72,81,84,83,77,78,91,71,62,70,78,79,70,65,63,67,64,90,79,80,74,66,83,75,72,69,70,69,68,87,88,79,64,62,61,64,63,65,64,74,76,62,66,65,60,60,60,60,60,60,66,62,71,66,67,79,67,67,68,74,64,74,81,79,87,90,91,79,94,85,86,75,83,84,86,82,94,85
,Sweden,63.0,16.0,72,61,73,65,77,82,82,79,69,72,72,81,69,84,85,83,83,94,80,77,65,71,75,74,73,80,89,92,88,90,88,86,79,81,83,79,78,85,79,84,85,77,82,81,81,83,86,78,75,81,84,80,83,75,72,81,78,77,79,80,82,83,82,86,84,80,81,86,81,84,90,85,66,63,76,63,70,68,70,64,61,60,61,48,64,81,77,59,73,60,72,76,82,74,67,73,74,77,73,77,71,73,82
,Switzerland,46.8182,8.2275,56,67,74,99,73,63,74,48,61,80,78,49,49,52,65,72,74,98,95,56,57,47,45,56,82,86,83,91,99,77,98,91,98,91,94,87,66,66,69,73,82,95,87,81,91,63,60,82,95,95,80,88,70,76,78,76,98,93,84,85,95,89,93,90,95,98,94,80,99,98,96,86,100,99,81,82,87,86,82,83,97,98,73,62,74,76,85,89,99,99,83,72,89,92,80,70,57,59,56,73,62,64,63
,Taiwan*,23.7,121.0,78,55,61,68,65,63,55,47,61,72,67,70,68,34,55,46,67,69,68,56,41,45,63,65,74,91,67,92,83,62,28,41,62,69,78,79,70,70,66,74,79,77,71,60,74,66,72,90,82,65,60,63,55,73,66,71,69,76,76,81,72,68,75,84,98,86,78,70,56,91,87,86,79,100,90,69,80,83,86,84,67,67,71,82,77,79,75,83,67,77,81,85,94,87,88,89,99,96,88,85,76,85,95
,Tanzania,-6.369,34.8888,81,70,66,70,67,73,81,77,84,94,91,95,84,80,89,92,88,88,80,77,73,82,91,92,96,91,85,96,94,89,89,95,94,92,81,92,91,77,69,66,70,79,86,86,97,93,84,76,75,71,70,80,80,74,76,93,88,85,94,85,86,92,94,96,88,89,87,84,90,85,87,92,90,85,78,86,92,93,93,81,75,79,85,86,84,83,89,91,87,80,83,87,92,94,88,81,85,90,87,83,73,75,81
,Thailand,15.0,101.0,59,61,56,56,56,54,48,48,51,48,53,55,56,56,53,54,53,44,47,48,50,52,57,57,63,54,52,54,53,52,47,50,44,50,59,56,60,56,43,44,49,47,53,60,57,44,50,45,45,47,47,44,42,45,39,34,42,37,45,62,60,64,61,57,68,68,61,49,46,44,44,47,51,53,69,66,60,62,57,60,63,55,55,55,56,53,51,52,49,52,52,49,59,56,61,60,60,55,56,62,68,60,61
,Togo,8.6195,0.8248,12,12,11,16,22,30,31,26,25,32,61,59,38,23,17,19,19,20,22,26,28,27,18,10,6,6,11,13,12,5,6,8,7,6,8,11,11,11,10,13,28,12,7,10,11,8,9,17,40,22,33,24,19,22,10,9,17,40,37,27,38,63,65,59,44,56,54,56,67,65,67,53,65,71,51,52,55,57,61,64,67,70,76,83,75,69,60,64,68,67,64,68,66,64,71,67,66,66,69,71,68,63,65
,Trinidad and Tobago,10.6918,-61.2225,77,72,78,79,79,82,87,80,81,85,83,82,82,86,86,92,84,86,85,91,86,79,77,76,87,82,79,76,83,83,81,81,80,75,76,77,76,75,76,82,82,77,82,77,80,81,75,81,90,88,81,77,80,76,82,86,77,76,76,74,72,71,75,75,78,81,73,74,73,76,74,72,74,75,78,89,84,76,75,75,75,84,75,77,78,75,73,74,86,79,75,71,67,75,78,76,79,79,78,72,76,76,72
,Tunisia,34.0,9.0,53,53,50,44,55,57,59,57,54,74,66,67,60,60,60,57,54,53,49,47,41,54,53,55,43,42,56,59,48,38,38,45,53,51,39,39,41,40,32,27,28,21,14,26,28,61,63,67,54,53,47,50,48,55,49,35,27,41,35,28,19,36,34,22,31,35,39,38,39,43,51,46,34,34,52,66,71,69,66,69,64,56,59,67,68,41,35,59,79,64,49,36,56,66,54,53,54,47,56,53,45,56,53
,Turkey,38.9637,35.2433,94,86,80,91,87,71,63,80,79,79,71,67,78,61,64,59,71,71,66,78,81,77,70,75,59,53,54,71,85,87,90,92,90,85,95,85,81,95,81,82,76,69,95,98,79,76,85,84,80,86,84,90,96,94,83,71,52,59,68,84,81,63,53,49,43,59,61,49,45,37,45,45,73,72,76,96,90,92,94,95,85,76,61,67,80,74,66,78,90,83,67,81,72,84,63,48,62,66,69,81,71,53,52
,Uganda,1.0,32.0,54,57,55,59,67,67,64,70,67,60,49,50,66,54,47,47,63,56,52,52,46,45,42,39,40,55,68,85,92,76,81,77,69,74,74,82,80,64,56,46,42,44,45,38,56,63,64,62,60,67,70,68,67,61,50,57,54,53,71,68,74,72,71,72,70,64,62,62,86,75,73,72,70,73,77,77,74,86,84,74,76,83,74,74,89,86,93,84,84,77,78,72,71,73,79,74,71,69,72,69,74,77,79
,Ukraine,48.3794,31.1656,83,79,77,78,91,82,74,79,80,86,83,76,77,82,79,83,82,73,75,73,71,70,70,65,67,79,80,84,91,84,81,89,85,87,81,90,65,75,73,77,76,86,87,83,75,80,71,63,78,76,77,77,71,69,86,73,75,83,73,69,68,77,75,69,69,72,75,86,72,77,71,61,66,67,56,52,51,57,62,56,74,84,54,47,41,43,40,36,39,48,56,42,30,33,44,28,30,33,36,45,45,37,36
,United Arab Emirates,24.0,54.0,55,74,52,32,48,66,61,56,51,72,77,69,68,55,59,55,59,50,39,55,62,53,56,73,63,59,61,67,67,61,59,56,53,64,65,68,70,64,47,31,59,64,60,68,70,72,71,52,39,41,27,66,74,68,57,36,43,54,69,71,61,55,65,56,63,65,61,54,64,61,54,56,46,22,11,35,52,43,42,51,56,61,44,53,52,57,45,21,18,57,52,53,50,33,27,42,40,28,24,17,14,11,15
Bermuda,United Kingdom,32.3078,-64.7505,84,81,65,64,79,78,68,61,74,65,69,72,73,77,73,77,84,73,65,68,83,67,73,81,85,86,84,77,80,69,69,65,69,80,71,75,79,79,85,83,77,72,86,89,87,85,86,82,80,81,87,89,88,77,69,57,56,75,82,74,72,70,65,63,78,86,89,75,69,64,64,70,74,76,78,82,76,71,73,79,80,79,82,86,81,85,80,66,77,80,85,76,80,72,70,75,78,77,74,75,88,90,69
Cayman Islands,United Kingdom,19.3133,-81.2546,77,79,81,80,80,81,75,73,76,80,81,80,78,81,79,74,80,80,74,80,79,80,72,65,68,68,72,70,72,73,74,76,79,77,76,82,81,77,79,79,78,80,80,80,79,79,78,77,78,80,81,80,79,77,78,80,79,79,75,81,72,73,81,82,82,78,80,81,74,76,78,75,76,79,81,78,77,77,78,78,80,79,78,77,73,74,72,75,78,79,80,78,76,72,74,76,78,77,77,77,78,77,78
Channel Islands,United Kingdom,49.3723,-2.3644,85,80,77,69,67,77,83,87,85,69,73,78,81,85,77,80,74,67,66,65,66,75,74,77,84,85,82,66,75,87,86,87,88,85,68,73,68,77,78,81,73,71,75,80,80,84,80,72,75,80,77,72,83,88,87,76,69,76,82,76,76,76,70,85,87,75,80,81,79,88,89,70,75,85,83,71,70,79,83,85,79,74,70,70,61,63,73,75,68,68,73,68,72,84,79,70,87,81,81,77,71,72,73
Gibraltar,United Kingdom,36.1408,-5.3536,74,79,76,75,75,75,78,83,73,77,71,74,78,77,75,79,77,85,73,76,76,85,83,88,80,79,73,79,78,70,64,78,87,81,81,86,75,80,86,83,84,77,79,80,83,84,80,78,86,83,81,79,78,78,76,73,73,68,77,77,79,77,71,75,80,69,57,72,55,68,65,62,74,85,86,63,74,87,83,85,82,88,88,85,76,79,75,81,76,76,87,79,79,76,81,83,83,81,80,86,80,80,86
Isle of Man,United Kingdom,54.2361,-4.5481,86,92,86,89,91,91,92,83,94,91,95,93,89,90,82,94,89,84,85,86,93,96,97,95,94,93,88,91,91,92,93,89,96,83,84,88,91,86,90,96,84,82,86,96,94,97,88,85,90,94,90,95,86,85,96,94,88,87,97,91,82,87,92,98,94,95,95,93,95,94,93,86,90,97,90,86,97,88,85,81,77,77,79,87,90,91,83,79,72,86,87,90,94,93,92,79,89,86,84,88,88,90,92
Montserrat,United Kingdom,16.7425,-62.1874,84,82,85,82,84,84,82,82,86,84,81,85,83,82,85,83,83,84,88,87,82,88,85,85,88,86,86,81,81,81,84,81,85,83,82,82,85,84,83,82,84,83,83,84,83,86,88,88,87,83,84,82,81,83,75,85,87,88,80,83,84,83,80,84,85,80,81,87,78,77,83,82,84,83,83,85,76,77,83,83,84,86,90,87,90,83,83,84,86,83,81,82,78,77,83,79,84,86,83,83,81,81,83
,United Kingdom,55.3781,-3.4360000000000004,89,92,88,91,92,91,92,90,93,91,93,92,92,93,89,93,90,86,83,85,90,93,92,93,92,94,92,95,94,92,93,93,96,92,88,88,89,77,92,93,93,93,91,94,94,96,91,94,94,95,94,94,90,93,95,96,93,92,95,95,94,94,93,92,87,92,95,94,95,94,96,96,92,95,95,88,94,90,86,81,74,73,72,80,85,86,85,76,67,78,83,84,84,90,92,72,88,81,78,84,82,81,80
,Uruguay,-32.5228,-55.7658,84,78,69,67,67,61,57,47,49,61,70,63,46,49,60,83,53,48,54,57,67,80,70,67,63,53,62,56,59,66,81,64,64,56,61,60,60,61,60,74,59,56,60,62,56,79,72,71,76,69,63,53,51,57,64,59,53,53,53,48,54,48,56,56,60,57,60,56,57,49,77,61,55,60,64,79,64,62,87,73,68,59,60,63,69,66,67,67,73,82,76,78,79,72,70,68,64,60,60,68,79,75,76
,US,37.0902,-95.7129,53,56,79,69,44,50,59,47,44,77,88,79,82,84,83,80,57,89,65,60,56,66,88,89,80,78,76,77,83,84,81,78,62,49,44,81,83,72,73,68,75,69,68,88,52,53,67,79,87,65,60,71,52,52,83,92,89,73,63,63,55,66,70,54,56,50,44,43,54,85,77,74,71,52,87,84,91,86,86,80,66,64,89,86,85,75,67,80,61,52,68,73,65,62,84,81,83,82,75,65,47,46,64
,Uzbekistan,41.3775,64.5853,75,75,72,78,75,71,69,68,74,61,68,73,75,67,73,79,68,60,72,78,75,71,67,81,87,69,74,62,59,65,63,56,48,87,73,59,69,56,31,52,75,53,87,70,59,80,69,65,66,60,52,65,79,71,65,56,74,63,56,67,66,59,53,52,53,52,48,39,45,52,41,33,28,42,31,31,41,42,40,49,61,57,41,19,22,26,28,24,19,30,63,71,56,48,57,57,37,44,39,40,40,54,57
,Venezuela,6.4238,-66.5897,69,71,66,64,66,65,64,67,69,68,68,67,66,66,71,75,78,72,75,72,75,73,68,63,61,56,60,67,67,64,69,73,69,67,59,57,62,62,59,59,61,55,64,65,65,71,56,51,60,66,61,56,64,61,70,70,67,62,57,59,63,70,62,55,47,53,64,68,63,55,57,63,66,72,72,67,62,61,65,64,63,59,64,69,67,61,56,53,60,63,68,69,63,73,80,85,73,80,77,73,80,78,65
,Vietnam,16.0,108.0,100,100,100,100,98,95,96,99,100,96,97,96,98,91,88,91,93,92,100,94,92,90,91,89,90,98,97,100,100,100,100,100,90,90,91,91,85,86,95,100,100,99,94,91,87,79,85,100,100,100,100,99,100,95,88,89,90,91,90,89,88,91,91,96,99,94,87,80,64,73,99,89,82,93,92,91,90,89,91,94,89,89,86,85,86,88,84,87,87,86,86,90,87,90,89,88,93,92,89,90,93,89,97
,Zambia,-15.4167,28.2833,80,75,86,79,85,83,86,79,92,90,95,94,94,92,99,99,96,97,89,88,99,90,78,70,70,64,61,76,70,87,97,87,77,75,77,85,88,93,91,93,87,88,94,93,95,92,84,91,86,86,85,81,78,80,97,96,83,79,82,87,78,83,88,95,93,80,81,81,80,77,77,76,81,72,83,87,84,80,80,78,74,81,75,73,70,68,84,81,70,69,65,62,63,72,69,61,54,54,66,76,79,78,68
,Zimbabwe,-20.0,30.0,55,52,43,34,35,34,52,74,70,68,93,91,80,83,92,90,85,82,92,98,84,73,64,67,64,49,52,82,61,56,57,57,54,53,69,70,78,75,90,83,93,98,97,89,82,86,94,80,69,70,62,60,69,78,95,81,71,64,56,94,84,79,89,82,78,75,88,83,74,68,66,68,72,65,54,65,89,84,65,61,59,55,57,57,48,40,71,85,65,57,56,46,84,81,73,63,53,40,77,88,71,65,50
Diamond Princess,Canada,0.0,0.0,74,76,76,68,65,69,77,73,74,76,76,74,74,76,76,79,81,79,79,77,81,79,79,77,77,76,77,77,77,78,77,76,76,77,77,76,77,75,77,76,76,75,77,74,74,79,77,75,74,76,78,77,79,78,77,76,76,78,80,79,79,77,76,77,76,78,81,77,78,76,76,77,81,79,78,77,77,78,75,74,73,75,79,78,75,70,73,76,72,74,72,78,75,73,75,71,75,74,77,74,79,76,75
,Dominica,15.415,-61.371,81,80,83,87,85,88,82,81,82,81,81,85,82,83,84,83,81,83,88,79,79,86,88,83,83,82,81,77,78,83,83,81,82,82,82,80,80,83,81,85,84,81,83,83,83,84,84,85,85,84,84,79,79,79,83,89,83,85,78,80,82,82,81,83,81,77,81,83,77,78,85,82,83,81,83,81,80,79,82,82,83,84,87,87,85,82,81,81,85,82,78,77,79,80,82,83,84,83,81,80,80,81,79
,Grenada,12.1165,-61.678999999999995,80,79,82,81,80,82,86,84,82,83,80,82,83,81,83,83,81,83,85,80,83,84,81,85,85,86,83,80,85,86,84,85,84,82,80,77,81,84,78,79,82,81,83,84,82,81,79,82,83,88,88,80,80,80,86,87,82,81,82,80,77,79,79,82,80,78,76,80,79,79,80,79,81,83,88,87,84,81,80,80,82,83,83,80,79,79,79,83,84,82,77,78,78,80,84,85,83,84,82,80,81,84,80
,Mozambique,-18.665695,35.529562,74,74,76,77,80,76,78,73,71,74,81,78,85,81,88,92,94,86,88,95,91,83,79,80,81,75,75,86,82,75,80,86,88,90,88,78,77,81,83,87,86,90,95,89,88,82,79,78,77,80,84,81,77,78,94,90,87,79,77,88,88,85,80,78,75,80,94,90,91,88,89,81,79,76,77,81,75,92,81,78,76,79,86,77,73,70,72,90,79,74,74,73,90,88,75,73,71,68,75,80,73,74,71
,Syria,34.802075,38.99681500000001,69,74,67,79,83,79,62,76,86,83,64,71,63,44,54,71,78,75,76,80,84,65,67,74,64,65,73,71,72,72,69,55,60,63,64,65,60,71,69,37,39,34,63,79,64,53,71,87,84,90,66,67,76,76,73,60,51,60,57,63,72,62,65,61,46,42,61,54,46,40,39,37,61,87,76,61,59,71,69,65,62,49,48,37,55,57,48,69,54,47,56,56,56,49,48,37,40,49,49,48,50,56,45
,Timor-Leste,-8.874217,125.727539,86,88,89,92,87,88,80,83,78,80,84,85,84,85,86,90,94,91,87,81,79,83,87,88,89,91,88,89,84,86,92,92,93,94,80,84,87,92,91,93,95,94,93,94,90,91,89,89,89,90,94,92,91,88,88,81,87,85,86,96,92,87,91,91,93,94,94,95,94,96,95,95,87,76,80,82,88,80,83,86,95,85,79,76,81,91,90,90,82,74,79,84,90,87,80,76,80,87,88,87,87,98,98
,Belize,13.1939,-59.5432,78,79,76,77,79,82,83,77,79,82,76,83,78,79,81,78,79,80,84,77,82,81,88,85,84,83,82,75,85,84,81,83,81,78,79,76,80,79,75,76,78,80,83,81,78,75,76,77,81,87,83,76,77,77,86,82,81,78,78,77,76,79,76,82,73,72,74,77,73,78,77,77,81,81,91,83,78,76,77,79,83,84,82,77,75,78,78,81,80,79,77,71,76,78,81,80,79,78,78,76,77,78,76
Recovered,Canada,0.0,0.0,74,76,76,68,64,70,77,73,74,76,76,74,74,76,76,79,81,79,79,77,81,79,79,77,77,76,77,77,77,78,77,76,76,77,77,76,77,75,77,76,76,75,77,74,74,79,77,75,74,76,78,77,79,78,77,76,76,78,80,79,79,77,76,77,76,78,81,77,78,76,76,77,81,79,78,77,77,78,75,74,73,75,79,78,75,70,73,76,72,74,72,78,75,73,75,71,75,74,77,74,79,76,75
,Laos,19.856270000000002,102.495496,76,78,75,74,74,70,69,67,65,64,63,67,69,69,66,59,61,63,65,71,68,65,56,59,56,56,70,68,70,72,80,73,66,63,62,78,69,64,66,70,65,61,61,50,41,41,36,66,65,66,63,60,61,60,57,55,52,56,56,57,56,65,70,78,80,71,61,45,40,39,55,46,40,39,65,68,65,56,55,61,64,56,62,61,70,59,50,44,41,39,35,37,52,47,50,65,72,72,77,77,77,73,83
,Libya,26.3351,17.228331,64,62,61,59,56,50,54,54,56,63,56,57,51,65,64,65,60,54,49,44,53,56,49,37,34,20,10,24,50,31,28,31,28,34,49,42,45,35,49,51,48,35,19,13,20,34,52,61,55,56,48,50,52,52,50,48,31,19,34,33,28,20,13,16,24,23,17,16,27,24,50,60,46,28,20,13,33,33,20,16,24,17,14,36,25,14,42,28,13,24,24,23,19,8,8,33,28,21,30,37,35,21,15
,West Bank and Gaza,31.9522,35.2332,85,90,73,86,93,73,71,86,99,97,88,88,94,86,67,47,86,97,97,99,98,94,93,92,81,80,73,76,95,89,82,87,95,87,91,80,62,94,93,96,97,94,89,78,73,64,89,87,74,95,93,80,97,86,91,96,93,77,59,82,93,87,64,45,38,81,92,68,39,81,57,52,97,100,93,81,94,94,97,98,94,87,56,63,81,56,59,87,68,46,44,90,81,56,39,36,78,79,78,81,94,94,79
,Guinea-Bissau,11.8037,-15.1804,26,24,28,24,22,15,16,15,15,12,20,28,14,18,18,14,11,19,36,38,41,33,25,26,40,33,12,61,59,43,25,32,66,65,41,19,45,41,15,13,35,56,55,38,32,33,59,48,54,62,56,54,48,49,38,56,38,55,59,43,41,53,56,49,52,57,61,64,61,56,57,43,41,18,17,26,36,48,48,39,30,32,34,42,49,42,43,44,37,45,40,51,54,52,54,51,44,56,56,56,60,63,66
,Mali,17.570692,-3.996166000000001,7,7,11,12,11,11,10,10,11,9,11,9,16,12,6,6,7,9,11,11,11,12,10,7,5,4,3,4,11,8,6,6,5,4,4,4,5,6,7,5,10,42,25,6,14,4,3,3,6,5,5,5,5,4,5,5,4,3,2,2,2,2,2,2,3,4,3,2,3,3,2,4,5,5,3,4,4,4,6,7,8,7,7,8,9,9,7,11,9,6,5,4,4,4,4,4,3,4,4,4,4,5,10
,Saint Kitts and Nevis,17.357822,-62.782998,91,88,89,88,89,84,87,87,90,88,84,87,87,86,89,88,87,88,89,95,90,90,88,93,90,90,89,88,85,86,86,85,85,86,87,87,90,88,88,84,89,87,87,89,86,90,92,94,90,87,85,84,84,87,79,81,86,94,85,85,89,86,81,85,88,85,86,88,81,80,85,86,87,87,87,85,85,84,87,87,89,90,93,89,95,85,87,88,89,86,85,83,78,79,83,79,85,91,88,88,85,84,86
Northwest Territories,Canada,64.8255,-124.8457,49,53,67,76,69,66,66,59,53,57,64,75,66,52,49,69,83,75,54,51,55,49,59,71,73,68,63,52,49,51,48,56,57,61,59,50,56,65,69,66,76,83,71,64,72,70,66,53,52,54,69,80,82,82,79,82,80,72,76,74,69,63,76,76,72,78,69,63,70,71,75,76,78,71,74,83,77,90,83,84,81,84,83,77,80,87,84,75,71,75,69,67,69,70,72,80,80,84,82,82,85,83,82
Yukon,Canada,64.2823,-135.0,86,89,84,75,64,69,68,59,54,53,55,57,56,53,52,60,55,42,28,53,60,70,78,76,65,61,69,78,84,82,88,85,73,69,63,63,82,88,90,87,88,82,77,70,62,64,57,57,53,65,85,90,92,92,87,84,79,79,72,69,65,79,84,76,72,63,54,72,82,87,80,73,67,72,69,81,86,88,88,89,87,88,87,83,89,92,82,70,63,69,62,69,75,82,82,82,88,89,81,87,80,84,89
,Kosovo,42.602636,20.902977,71,72,56,49,73,68,62,46,54,51,69,83,75,75,72,66,72,69,78,70,59,53,56,54,76,82,88,82,87,73,67,78,79,79,83,79,68,71,75,72,77,80,73,71,81,73,68,61,65,66,78,62,65,59,64,62,68,80,82,63,68,74,70,92,67,69,85,88,78,78,66,64,65,60,75,63,53,50,45,47,49,67,66,83,88,79,74,66,62,61,61,90,79,79,80,63,36,30,32,36,40,44,47
,Burma,21.9162,95.956,73,76,73,80,84,75,74,74,74,71,69,66,67,61,60,64,62,60,56,53,52,51,52,53,50,55,53,51,53,54,56,60,53,43,49,45,44,49,50,49,57,55,52,42,37,46,50,51,36,25,26,28,36,46,43,37,33,56,55,46,41,36,28,31,39,39,39,41,37,34,28,32,35,34,30,30,35,38,31,28,36,42,41,35,33,30,28,35,37,41,44,35,27,28,35,28,30,27,25,36,40,45,42
Anguilla,United Kingdom,18.2206,-63.0686,82,80,79,76,75,74,70,76,76,76,73,73,76,73,77,75,75,74,75,79,82,75,75,83,80,77,79,79,80,77,77,76,76,74,73,75,77,77,76,73,76,75,74,77,74,76,79,76,78,75,75,71,73,74,71,74,78,77,76,77,79,76,71,72,75,76,76,76,69,72,71,75,77,77,75,71,75,75,77,76,74,77,78,75,74,71,76,76,75,73,72,70,69,70,71,67,69,77,82,82,75,77,77
British Virgin Islands,United Kingdom,18.4207,-64.64,87,84,86,83,80,80,82,80,82,82,80,78,82,80,81,82,80,78,81,85,86,84,82,85,88,84,83,84,84,78,81,81,82,79,77,79,82,81,82,78,81,81,78,82,78,81,84,81,82,81,79,78,79,72,73,82,89,85,76,82,81,84,83,79,80,80,81,83,81,85,77,82,82,82,81,75,82,85,82,82,80,80,83,80,81,77,75,79,81,79,77,74,71,75,74,75,76,83,90,89,82,79,80
Turks and Caicos Islands,United Kingdom,21.69400000000001,-71.7979,74,73,72,78,78,72,83,79,79,80,78,79,78,75,69,79,81,71,73,71,75,76,79,66,67,73,77,75,74,73,76,75,76,78,65,68,75,79,77,80,74,78,76,74,74,74,74,73,75,77,76,78,76,78,73,70,72,72,81,83,78,67,71,78,80,77,78,77,69,69,78,74,76,78,76,73,73,72,74,75,72,72,70,73,71,72,74,72,76,80,77,72,79,80,74,65,65,70,70,71,74,78,77
,MS Zaandam,0.0,0.0,74,76,76,68,64,69,77,73,74,76,76,74,74,76,76,79,81,79,79,77,81,79,79,77,77,76,77,77,77,78,77,76,76,77,77,76,77,75,77,76,76,75,77,74,74,79,77,75,74,76,78,77,79,78,77,76,76,78,80,79,79,77,76,77,76,78,81,77,78,76,76,77,81,79,78,77,77,78,75,74,73,75,79,78,75,70,73,76,72,74,72,78,75,73,75,71,75,74,77,74,79,76,75
,Botswana,-22.3285,24.6849,57,64,51,39,44,51,61,74,76,72,68,59,56,53,55,49,70,83,63,62,57,46,41,48,56,52,42,51,43,28,36,30,28,27,37,53,61,62,77,64,61,66,70,63,55,47,57,64,57,60,60,52,50,71,83,75,46,35,30,48,55,72,73,59,50,43,47,56,47,40,33,37,64,57,38,40,51,56,44,44,39,36,52,57,46,38,43,62,55,34,41,47,56,62,62,51,28,31,35,65,66,63,46
,Burundi,-3.3731,29.9189,80,74,74,78,85,87,84,85,86,89,88,89,87,83,83,85,87,84,89,84,90,89,91,92,80,89,91,99,94,88,91,97,94,92,89,96,92,78,73,72,70,67,75,84,75,87,86,81,89,83,85,78,73,81,85,86,86,90,95,81,82,90,81,90,89,86,85,88,89,92,91,91,95,84,80,84,89,96,92,81,93,88,94,89,92,85,90,90,89,84,88,84,81,88,83,89,83,86,91,88,87,85,83
,Sierra Leone,8.460555000000001,-11.779889,40,28,22,22,21,32,55,61,62,47,55,52,40,30,49,36,53,50,47,54,66,75,64,34,24,49,43,53,57,48,43,51,62,49,47,46,51,47,40,52,59,61,46,32,43,48,49,56,56,60,62,63,64,65,59,54,48,60,57,56,54,57,62,63,60,63,66,69,77,74,67,65,56,54,55,55,56,65,57,51,51,55,78,74,79,79,73,69,68,67,60,62,74,65,65,65,68,69,66,74,73,77,78
"Bonaire, Sint Eustatius and Saba",Netherlands,12.1784,-68.2385,78,77,77,78,78,82,81,82,79,78,78,76,78,78,79,81,81,80,79,78,81,80,80,79,76,80,81,81,79,78,80,81,81,80,78,78,76,78,78,76,79,78,78,80,81,80,79,78,79,83,83,80,77,77,75,79,82,78,78,76,76,75,74,75,78,76,76,76,78,75,77,77,77,77,78,78,81,74,75,77,78,78,80,80,78,77,77,77,78,77,79,75,77,78,83,86,84,84,84,83,82,85,83
,Malawi,-13.254307999999998,34.301525,88,93,91,88,87,81,83,82,84,81,84,86,86,90,90,88,89,88,82,78,84,78,76,77,77,86,84,93,90,91,86,80,85,90,88,89,87,83,88,83,84,84,87,93,92,86,84,89,84,83,82,83,83,78,83,90,82,83,86,85,79,81,80,94,81,76,77,80,77,79,81,82,86,87,81,75,74,82,81,84,81,84,85,83,80,81,80,82,76,75,72,73,69,73,75,74,72,73,74,73,72,75,73
Falkland Islands (Malvinas),United Kingdom,-51.7963,-59.5236,65,67,76,83,81,74,86,75,72,77,83,82,80,75,81,81,77,81,75,72,70,77,67,88,74,73,77,71,80,71,76,69,76,74,73,61,77,67,71,84,82,79,85,85,74,87,80,75,70,71,85,79,79,80,72,73,79,86,80,72,78,71,71,71,75,81,83,76,83,77,80,82,83,87,82,67,75,74,68,76,67,69,73,70,70,70,75,74,73,76,75,72,79,71,83,73,74,68,69,73,76,71,78
Saint Pierre and Miquelon,France,46.8852,-56.3159,79,87,86,82,91,90,82,84,87,84,81,89,84,73,75,78,78,93,83,80,83,75,73,77,76,66,78,89,93,88,85,78,71,88,84,80,82,80,88,82,77,78,86,86,89,80,73,84,94,71,85,85,80,78,89,87,88,91,88,89,82,91,84,86,92,90,81,82,80,76,72,91,84,73,89,84,79,81,86,73,81,85,78,75,88,84,79,91,86,78,84,90,90,90,88,82,84,88,81,80,80,88,93
,South Sudan,6.8770000000000024,31.307,26,28,38,34,23,22,21,24,16,11,8,8,11,18,18,28,15,14,17,20,20,12,13,13,14,12,14,19,23,24,21,22,16,19,18,17,15,17,19,17,14,11,10,14,24,34,36,28,19,19,15,12,19,21,17,8,11,14,18,19,8,9,12,12,18,24,16,23,41,38,51,50,56,59,36,35,46,38,43,48,49,40,36,22,16,14,23,42,44,48,45,44,39,39,42,53,48,40,39,45,54,56,62
,Western Sahara,24.2155,-12.8858,15,9,13,11,16,14,20,25,33,49,48,56,28,20,19,20,18,21,13,46,57,54,44,31,35,34,35,15,15,10,8,10,7,8,12,8,6,8,24,37,14,8,31,19,10,9,14,8,8,12,18,18,10,7,11,5,8,28,7,15,28,45,37,28,23,39,42,19,7,7,4,10,14,23,40,53,53,52,56,55,50,52,57,55,54,45,45,51,43,31,20,26,24,25,55,43,31,31,35,28,32,42,41
,Sao Tome and Principe,0.18636,6.613081,89,89,80,74,80,87,84,84,86,83,84,83,85,85,88,87,83,82,87,88,86,86,85,86,87,84,83,83,84,86,86,87,86,85,82,82,84,86,84,83,79,80,81,86,84,86,87,87,84,82,86,86,88,86,84,86,85,87,87,87,84,83,84,86,86,87,88,81,83,82,83,80,83,86,86,85,85,85,85,84,78,79,86,81,88,79,78,83,83,81,82,81,83,85,91,81,84,82,89,86,86,89,82
,Yemen,15.552726999999999,48.516388,60,56,51,56,53,52,57,59,54,42,44,30,35,15,13,33,38,26,42,42,39,56,48,52,50,56,22,22,11,18,24,39,52,55,53,55,51,47,37,37,41,44,50,30,13,23,21,28,41,33,35,40,47,33,15,8,14,25,23,19,30,39,45,39,40,39,33,47,44,17,13,24,47,34,44,51,51,40,35,37,34,43,50,60,69,55,44,40,38,36,50,52,39,26,20,22,20,11,12,11,26,34,47
