Entity,Entity2,TL,Median_Age,Population.density,GDP.capita,Government.efficiency,CaseLog,Gini,Underreporting,Authoritarian,Continent,Days,Country,X.Intercept.,log_day,Ztests_per_mil,TL_c,TL_l,TL_h,TL_2,Government.efficiency_c,Government.efficiency_l,Government.efficiency_h,Government.efficiency_2,ZGDP.capita,ZGini,ZMedian_Age,ZUnderreporting,Zlog_PopDensity,Authoritarianism,Europe,Africa,Asia,SouthA,NorthA,Mortality.Likelihood,Total_Cases,Total_Deaths
Slovakia,Slovakia,-0.84951665,40.5,111,19547.66,2.636217896,1.36141,26.1,65.09,,Europe,28,Slovakia,-2.405124894,1.959309596,0.364417215,-1.109014238,0.058841695,-2.276870172,1.229912581,-0.997136299,-0.201426463,-1.792846135,0.994280799,0.166531164,-1.458720523,0.44460733,0.991106964,0.156476312,0,1,0,0,0,0,0,0,0
Vietm,Vietnam,0.927599465,30.5,294,2739.82,3.407291069,0.16927,35.3,100,1,Asia,68,Vietm,-6.516030317,1.330605095,0.77673079,0.668101877,1.83595781,-0.499754057,0.446360118,-0.226063126,0.56964671,-1.021772962,0.051104537,-0.653101401,-0.26695373,-0.270259302,2.154351455,0.797306241,1,0,0,1,0,0,0,0,0
Mozambique,Mozambique,1.105984418,17.2,39,484.405,3.148153539,,,,,Africa,13,Mozambique,-3.764950454,1.105110051,,0.84648683,2.014342763,-0.321369104,0.716539953,-0.485200656,0.31050918,-1.280910492,0.235419677,-0.763086479,,-1.221031922,,-0.524811202,0,0,1,0,0,0,0,0,0
Thailand,Thailand,1.063252798,37.7,136,7791.95,3.43156454,1.1948,36.5,100,,Asia,76,Thailand,-7.245631102,1.973822635,0.113561206,0.80375521,1.971611143,-0.364100724,0.646022437,-0.201789655,0.593920181,-0.997499491,0.040719065,-0.406734808,-0.111505887,0.244444673,2.154351455,0.289794707,0,0,0,1,0,0,0.000934959,24600,23
Latvia,Latvia,-0.113643145,43.6,29,18171.65,3.456399357,1.77276,35.1,70.41,,Europe,29,Latvia,-1.141757283,2.089648842,-0.478220499,-0.373140733,0.7947152,-1.540996667,0.139234007,-0.176954838,0.618754998,-0.972664674,0.031313015,0.09943018,-0.292861703,0.666215986,1.168375961,-0.715167173,0,1,0,0,0,0,0.001964637,509,1
Malaysia,Malaysia,0.931023368,28.5,98,11136.81,5.096361681,1.4513,41,46,,Asia,70,Malaysia,-8.522645507,1.886268882,3.132710462,0.67152578,1.839381713,-0.496330154,0.450946873,1.463007486,2.258717322,0.66729765,2.140390904,-0.243623059,0.471423523,-0.413232628,0.355004492,0.074837811,0,0,0,1,0,0,0.002194967,51937,114
Qatar,Qatar,2.019690819,33.2,249,69687.55,5.662815046,2.0668,41.1,100,1,Asia,31,Qatar,11.69230891,2.165743129,-13.04505879,1.760193231,2.928049164,0.592337297,3.098280209,2.029460851,2.825170687,1.233751015,4.118711346,2.611597674,0.484377509,-0.077245311,2.154351455,0.68778721,1,0,0,1,0,0,0.002493766,1604,4
Iceland,Iceland,0.137132628,36.5,3,67037.34,4.613276837,2.20528,25.6,48.94,,Europe,36,Iceland,-0.002850662,2.276115714,0.017334113,-0.12236496,1.045490973,-1.290220894,0.014973184,0.979922642,1.775632478,0.184212806,0.960248384,2.482360459,-1.523490457,0.158660677,0.452968937,-2.048405696,0,1,0,0,0,0,0.00269179,1486,4
Singapore,Singapore,1.631476771,34.6,8240,63987.07,5.766091678,1.1123,46.4,40,1,Asia,72,Singapore,-2.393835266,1.561567881,,1.371979183,2.539835116,0.204123249,1.882326878,2.132737483,2.928447319,1.337027647,4.548569171,2.333614361,1.170938814,0.022836017,0.155077051,3.000664452,1,0,0,1,0,0,0.004583652,1309,6
UAE,UAE,1.801248703,30.3,,,,,,,,Asia,,,,,,1.541751115,2.709607048,0.373895181,2.376996499,,,,,,,-0.284556634,,,0,0,0,1,0,0,0.005561735,1798,10
Israel,Israel,-0.881851201,29.9,417,42823.31,3.748201607,2.0765,41.4,100,,Europe,40,Israel,-5.601159603,3.076879748,-0.120031466,-1.141348789,0.026507144,-2.309204723,1.302677059,0.114847412,0.910557248,-0.680862424,0.013189928,1.30156581,0.52323947,-0.3131513,2.154351455,1.027908767,0,1,0,0,0,0,0.00569395,8430,48
Brazil,Brazil,-1.090946719,32.6,25,8796.91,2.496853694,1.1522,46.9,11,,South America,36,Brazil,-7.467406475,3.342289218,-1.647792164,-1.350444307,-0.182588374,-2.518300241,1.823699827,-1.136500501,-0.340790665,-1.932210337,1.291633389,-0.357728039,1.235708749,-0.120137309,-0.81123891,-0.809855382,0,0,0,0,1,0,0.005808013,74380,432
Australia,Australia,0.24708734,38.7,3,53825.16,4.25568066,1.5923,34.7,100,,Australia,71,Australia,-2.854273334,2.008737304,-2.754699966,-0.012410248,1.155445685,-1.180266182,0.000154014,0.622326465,1.418036301,-0.173383371,0.387290229,1.838069879,-0.344677651,0.315931336,2.154351455,-2.048405696,0,0,0,0,0,0,0.005979599,5686,34
Chile,Chile,-0.889357486,34.4,25,15399.24,4.148466375,1.6184,47.7,89,,South America,31,Chile,-4.666203645,2.748382094,,-1.148855074,0.019000859,-2.316711008,1.319867982,0.51511218,1.310822016,-0.280597656,0.265340558,-0.035766105,1.339340644,0.008538685,1.787817814,-0.809855382,0,0,0,0,1,0,0.007604563,4471,34
Russia,Russia,-0.591920245,39.6,9,11162.65,3.164031726,0.76231,37.7,40,1,Europe,59,Russia,-11.50484191,2.072133234,2.921294705,-0.851417833,0.3164381,-2.019273767,0.724912327,-0.469322469,0.326387367,-1.265032305,0.22026358,-0.242362974,0.043941955,0.380269333,0.155077051,-1.44210649,1,1,0,0,0,0,0.008350343,5389,45
Armenia,Armenia,0.486905515,35.1,100,4527.59,3.401135002,1.75177,32.4,15.18,,Europe,26,Armenia,-2.571220157,2.312403854,0.545976003,0.227407927,1.39526386,-0.940448007,0.051714365,-0.232219193,0.563490643,-1.027929029,0.053925754,-0.565920984,-0.642619349,0.058579349,-0.671956127,0.088072025,0,1,0,0,0,0,0.008515815,822,7
Kazakhstan,Kazakhstan,0.810248664,30.6,7,9139.11,,0.4907,26.5,21.36,1,Asia,21,Kazakhstan,-1.770345392,1.514478429,,0.550751076,1.718607009,-0.617104858,0.303326747,,,,,-0.341040691,-1.406904575,-0.263110635,-0.466030863,-1.589758052,1,0,0,1,0,0,0.010544815,569,6
Ivory Coast,Ivory Coast,0.579913096,20.9,,,,0.23668,41.7,33.82,,Africa,,,,,,0.320415508,1.488271441,-0.847440426,0.102666098,,,,,,0.562101431,-0.956531268,-0.050848212,,0,0,1,0,0,0,0.011494253,261,3
Saudi ia,Saudi Arabia,1.82765443,27.5,16,22865.18,4.418430699,1.1616,45.9,,1,Asia,30,Saudi ia,-4.21909726,2.365934864,,1.568156842,2.736012775,0.400300908,2.45911588,0.785076504,1.58078634,-0.010633332,0.616345117,0.328309681,1.10616888,-0.484719291,,-1.090995782,1,0,0,1,0,0,0.012236287,2370,29
Estonia,Estonia,-1.116939747,42.7,29,23523.6,4.401768271,1.9919,34.6,100,,Europe,32,Estonia,-5.648241784,2.622641463,3.150901445,-1.376437335,-0.208581402,-2.544293269,1.894579738,0.768414076,1.564123912,-0.02729576,0.590460192,0.360417464,-0.357631638,0.601877989,2.154351455,-0.715167173,0,1,0,0,0,0,0.013673655,1097,15
Finland,Finland,-0.292051891,42.5,16,48868.74,5.320377733,1.9232,26.8,48,,Europe,61,Finland,-11.36084017,2.422060764,4.696572878,-0.551549479,0.616306454,-1.719405413,0.304206828,1.687023538,2.482733374,0.891313702,2.846048418,1.596370574,-1.368042614,0.587580656,0.421646972,-1.090995782,0,1,0,0,0,0,0.014530358,1927,28
Czech Republic,Czech Republic,-1.051712123,42.1,136,23213.95,3.681881098,1.8725,25.9,53,,Europe,34,Czech Republic,-3.594695412,2.525678713,0.262023595,-1.311209711,-0.143353778,-2.479065645,1.719270907,0.048526903,0.844236739,-0.747182933,0.00235486,0.345317414,-1.484628496,0.558985991,0.588253172,0.289794707,0,1,0,0,0,0,0.014747964,4543,67
Germany,Germany,0.526239441,47.1,235,46563.99,4.728817911,2.1238,31.4,47,,Europe,68,Germany,-16.02769238,3.091869902,7.146105272,0.266741853,1.434597786,-0.901114081,0.071151216,1.095463716,1.891173552,0.29975388,1.200040753,1.483979681,-0.772159218,0.916419307,0.388325732,0.649654679,0,1,0,0,0,0,0.015045574,96108,1446
Austria,Austria,0.730423398,44,107,50022.61,4.312938023,2.3278,30.5,42,,Europe,39,Austria,-6.019597744,3.008053676,1.712210164,0.47092581,1.638781743,-0.696930124,0.221771118,0.679583828,1.475293664,-0.116126008,0.461834179,1.652638924,-0.8887451,0.694810651,0.221719531,0.132412254,0,1,0,0,0,0,0.017199224,11861,204
South Korea,South Korea,0.924769361,41.8,512,31430.6,3.379812899,1.39349,31.6,69,,Asia,76,South Korea,-7.705440899,3.251481644,-1.291943336,0.665271773,1.833127706,-0.502584161,0.442586531,-0.253541296,0.54216854,-1.049251132,0.064283189,0.746001495,-0.746251244,0.537539992,1.121393013,1.163418912,0,0,0,1,0,0,0.017876331,10237,183
Cada,Canada,-0.034231097,42.2,4,46212.84,4.702926362,1.5894,34,31,,North America,70,Cada,-7.400476448,2.35759618,,-0.293728685,0.874127248,-1.461584619,0.086276541,1.069572167,1.865282003,0.273862331,1.14398462,1.466855887,-0.435355559,0.566134658,-0.144814109,-1.900754134,0,0,0,0,0,1,0.018480827,12283,227
Turkey,Turkey,1.199072895,30.9,108,8957.89,3.675668315,1.56343,41.9,15,1,Europe,22,Turkey,-5.312423762,3.481824392,,0.939575307,2.10743124,-0.228280627,0.882801757,0.04231412,0.838023956,-0.753395716,0.001790485,-0.349877866,0.588009404,-0.241664636,-0.67795395,0.13851081,1,1,0,0,0,0,0.021242011,27069,575
Nigeria,Nigeria,1.199983228,18.4,223,2222.01,3.020569217,,43,72.25,,Africa,26,Nigeria,-7.508983532,2.089320306,,0.94048564,2.108341573,-0.227370294,0.884513238,-0.612784978,0.182924858,-1.408494814,0.375505429,-0.678352352,0.73050326,-1.135247926,1.229687043,0.615123956,0,0,1,0,0,0,0.022321429,224,5
Colombia,Colombia,-1.912583817,30,45,6508.13,3.039393647,0.97593,50.8,24,,South America,25,Colombia,-3.984620894,2.287713924,-0.252824421,-2.172081405,-1.004225472,-3.339937339,4.717937632,-0.593960548,0.201749288,-1.389670384,0.352789133,-0.469340157,1.740914237,-0.306002633,-0.37806279,-0.432332307,0,0,0,0,1,0,0.022759602,1406,32
Poland,Poland,-0.770896641,40.7,121,14901.55,3.199944642,1.26105,32.1,30,,Europe,30,Poland,-4.25049316,2.548831072,-0.299033576,-1.030394229,0.137461704,-2.198250163,1.061712268,-0.433409553,0.362300283,-1.229119389,0.187843841,-0.060035906,-0.68148131,0.458904663,-0.178135349,0.213065367,0,1,0,0,0,0,0.022915651,4102,94
India,India,2.199249145,28.1,420,2171.64,3.992122169,,35.7,17,,Asia,65,India,-12.51535289,2.052240812,1.74514664,1.939751557,3.10760749,0.771895623,3.762636101,0.358767974,1.15447781,-0.436941862,0.128714459,-0.68080864,-0.215137782,-0.441827293,-0.61131147,1.032640768,0,0,0,1,0,0,0.023203802,3577,83
Gha,Ghana,3.491767272,21.1,130,2223.42,3.773055774,0.7799,42.8,56.79,,Africa,22,Gha,-4.178458046,1.909413605,,3.232269684,4.400125617,2.06441375,10.44756731,0.139701579,0.935411415,-0.656008257,0.019516531,-0.678283593,0.704595286,-0.942233935,0.714540672,0.260161904,0,0,1,0,0,0,0.023364486,214,5
Japan,Japan,1.083211645,47.3,335,40846.78,4.634031911,0.79674,32.1,26,,Asia,81,Japan,-10.08732024,2.490192006,1.143798968,0.823714057,1.99156999,-0.344141877,0.678504847,1.000677716,1.796387552,0.20496788,1.001355891,1.205180531,-0.68148131,0.93071664,-0.31142031,0.883415629,0,0,0,1,0,0,0.024020589,3497,84
United States,United States,-0.018878891,38.1,35,65111.6,4.263459752,2.0159,41.5,16,,North America,75,United States,-15.40586303,3.334781101,3.716754176,-0.278376479,0.889479454,-1.446232413,0.077493464,0.630105557,1.425815393,-0.165604279,0.397033013,2.388451949,0.536193457,0.273039339,-0.64463271,-0.594527063,0,0,0,0,0,1,0.024984745,304826,7616
Ukraine,Ukraine,-0.477058981,40.6,72,3592.17,2.866647266,0.69566,25.5,11,,Europe,22,Ukraine,-4.106828244,2.381897661,-0.728669834,-0.736556569,0.431299364,-1.904412503,0.54251558,-0.766706929,0.029002907,-1.562416765,0.587839515,-0.611536642,-1.536444444,0.451755996,-0.81123891,-0.126752534,0,1,0,0,0,0,0.025579536,1251,32
Kenya,Kenya,1.49138659,19.7,93,1997.55,3.825732816,,,43.53,,Africa,22,Kenya,-4.925200163,1.652681357,,1.231889002,2.399744935,0.064033068,1.517550512,0.192378621,0.988088457,-0.603331215,0.037009534,-0.68929812,,-1.042315264,0.272701029,0.04054575,0,0,1,0,0,0,0.028169014,142,4
Sri Lanka,Sri Lanka,1.444244091,32.8,326,3946.59,3.865479418,0.58669,39.8,45.85,,Asia,59,Sri Lanka,-6.254419364,1.529464926,,1.184746503,2.352602436,0.016890569,1.403624275,0.232125223,1.027835059,-0.563584613,0.053882119,-0.594253388,0.31597568,-0.105839976,0.350006306,0.865450127,0,0,0,1,0,0,0.028571429,175,5
Argenti,Argentina,-1.497120258,31.7,16,9887.79,2.336128838,1.0001,42.4,19,,South America,29,Argenti,-4.710198698,2.306821791,,-1.756617846,-0.588761913,-2.92447378,3.085706258,-1.297225357,-0.501515521,-2.092935193,1.682793627,-0.304531389,0.652779339,-0.184475306,-0.54466899,-1.090995782,0,0,0,0,1,0,0.030323915,1451,44
Ireland,Ireland,-0.136597718,20,70,77771.21,4.718019342,1.9765,31.9,20,,Europe,33,Ireland,-2.108161687,2.869989742,-1.52688003,-0.396095306,0.771760627,-1.56395124,0.156891492,1.084665147,1.880374983,0.288955311,1.176498481,3.005796511,-0.707389284,-1.020869265,-0.51134775,-0.145133957,0,1,0,0,0,0,0.031637966,4994,158
Bosnia and Herzegovi,Bosnia and Herzegovina,-1.173635854,42.1,64,5741.76,2.53633299,1.101,33.1,13,,Europe,23,Bosnia and Herzegovi,-1.395926323,2.033391939,,-1.433133442,-0.265277509,-2.600989376,2.053871464,-1.097021205,-0.301311369,-1.892731041,1.203455524,-0.50671211,-0.551941441,0.558985991,-0.74459643,-0.203556176,0,1,0,0,0,0,0.034074074,675,23
Chi,China,0.605901939,37.4,148,10098.87,4.006861266,0.96986,38.6,33,1,South America,96,Chi,-8.63528744,2.919775022,,0.346404351,1.514260284,-0.821451583,0.119995974,0.373507071,1.169216907,-0.422202765,0.139507532,-0.294238095,0.160527837,0.222998674,-0.078171629,0.345353649,1,0,0,0,1,0,0.040762101,81669,3329
Mexico,Mexico,-0.892340456,28.2,66,10118.17,3.109504047,0.59966,43.4,17,,North America,28,Mexico,-5.587872027,2.330290289,,-1.151838044,0.016017889,-2.319693978,1.32673088,-0.523850148,0.271859688,-1.319559984,0.274418978,-0.293296933,0.782319208,-0.434678627,-0.61131147,-0.183503469,0,0,0,0,0,1,0.041798942,1890,79
Peru,Peru,-1.051575327,28,26,7046.79,2.80518837,1.1605,43.8,16,,South America,28,Peru,-3.902878045,2.245652967,,-1.311072915,-0.143216982,-2.478928849,1.718912189,-0.828165825,-0.032455989,-1.623875661,0.685858634,-0.443072458,0.834135155,-0.44897596,-0.64463271,-0.784883034,0,0,0,0,1,0,0.041809851,1746,73
Greece,Greece,-1.032745526,44.5,79,19974.37,2.762990227,0.7853,35.8,16,,Europe,36,Greece,-3.294938051,2.300857041,,-1.292243114,-0.124387181,-2.460099048,1.669892267,-0.870363968,-0.074654132,-1.666073804,0.757533437,0.187339633,-0.202183795,0.730553983,-0.64463271,-0.066163558,0,1,0,0,0,0,0.042074928,1735,73
Hungary,Hungary,-1.587321602,42.3,104,17463.28,2.902592433,1.2629,30.9,15,1,Europe,30,Hungary,-1.999346984,1.920544268,-0.740183151,-1.84681919,-0.678963257,-3.014675124,3.410741122,-0.730761762,0.064948074,-1.526471598,0.534012753,0.064886591,-0.836929152,0.573283324,-0.67795395,0.113771903,1,1,0,0,0,0,0.04638472,733,34
Ecuador,Ecuador,-0.498395416,27.7,64,6249.39,2.879376765,1.8341,45,14,,South America,30,Ecuador,-4.286729447,2.647371355,,-0.757893004,0.409962929,-1.925748938,0.574401806,-0.75397743,0.041732406,-1.549687266,0.568481965,-0.481957586,0.989582998,-0.470421959,-0.71127519,-0.203556176,0,0,0,0,1,0,0.04963925,3465,172
Sweden,Sweden,1.321119184,41.2,22,51241.91,,2.0992,27.2,14,,Europe,64,Sweden,-15.91672812,2.997745981,7.601587282,1.061621596,2.229477529,-0.106234338,1.127040412,,,,,1.712097962,-1.316226667,0.494647994,-0.71127519,-0.890979951,0,1,0,0,0,0,0.058711567,6830,401
Iran,Iran,0.734617378,30.3,51,5506.23,3.145049375,1.9021,38.8,9.9,1,Asia,45,Iran,-5.896437842,3.027943443,0.922817196,0.47511979,1.642975723,-0.692736144,0.225738814,-0.48830482,0.307405016,-1.284014656,0.238441597,-0.518197706,0.186435811,-0.284556634,-0.847892274,-0.351207738,1,0,0,1,0,0,0.061879573,58226,3603
Trinidad and Tobago,Trinidad and Tobago,-0.557723473,36,273,16365.64,3.20767521,1.5638,40.3,,,North America,23,Trinidad and Tobago,-1.09734557,1.742081183,,-0.817221061,0.350634872,-1.985076995,0.667850263,-0.425678985,0.370030851,-1.221388821,0.181202598,0.011360291,0.380745614,0.122917346,,0.748442351,0,0,0,0,0,1,0.067307692,104,7
Indonesia,Indonesia,1.527219314,30.2,144,4163.76,3.922269861,0.52292,38.1,5.3,,Asia,27,Indonesia,-5.089854594,2.308420055,-0.578957899,1.267721726,2.435577659,0.099865792,1.607118374,0.288915666,1.084625502,-0.50679417,0.083472262,-0.583663116,0.095757903,-0.291705301,-1.001169979,0.327347404,0,0,0,1,0,0,0.087109547,2273,198
Spain,Spain,-1.062267578,42.7,92,29961.11,3.216561508,2.4508,36,5.4,,Europe,64,Spain,-16.45476092,3.955317033,5.033192898,-1.321765166,-0.153909233,-2.4896211,1.747063155,-0.416792687,0.378917149,-1.212502523,0.173716144,0.674341968,-0.176275821,0.601877989,-0.997837855,0.033468798,0,1,0,0,0,0,0.094968606,130759,12418
Netherlands,Netherlands,-1.070535119,42.6,409,52367.85,4.944898864,2.06653,28.6,5.9,,Europe,37,Netherlands,-3.562240951,3.022862099,-0.773723314,-1.330032707,-0.162176774,-2.497888641,1.768987003,1.311544669,2.107254505,0.515834833,1.720149419,1.767004309,-1.134870851,0.594729323,-0.981177235,1.015122114,0,1,0,0,0,0,0.098930032,17851,1766
United Kingdom,United Kingdom,-0.243066177,40.5,279,41030.23,4.823960274,1.7259,34.1,5.4,,Europe,65,United Kingdom,-12.92152464,2.950681998,3.982635608,-0.502563765,0.665292168,-1.670419699,0.252570338,1.190606079,1.986315915,0.394896243,1.417542835,1.214126451,-0.422401572,0.44460733,-0.997837855,0.762775519,0,1,0,0,0,0,0.103208802,47806,4934
Algeria,Algeria,1.742730328,28.1,18,3980.12,3.274635201,0.73,27.6,6.8,,Africa,34,Algeria,-6.187327707,2.406516299,,1.48323274,2.651088673,0.315376806,2.19997936,-0.358718994,0.436990842,-1.15442883,0.128679317,-0.592618301,-1.264410719,-0.441827293,-0.951188119,-1.017399038,0,0,1,0,0,0,0.115151515,1320,152
Italy,Italy,-0.265834655,45.5,201,32946.52,2.201114318,2.27202,34.7,5.8,,Europe,65,Italy,-0.223815277,3.962264338,-10.24203805,-0.525332243,0.64252369,-1.693188177,0.275973966,-1.432239877,-0.636530041,-2.227949713,2.051311065,0.819925176,-0.344677651,0.802040646,-0.984509359,0.546719669,0,1,0,0,0,0,0.123204703,128948,15887
Botswa,Botswana,1.865904363,24.5,,,,,,,,Africa,4,Botswa,0.291771854,0.21081507,,1.606406775,2.774262708,0.438550841,2.580542726,,,,,,,-0.699179281,,,0,0,1,0,0,0,0.166666667,6,1
Portugal,Portugal,0.295052743,42.2,111,23030.79,3.228849265,2.0539,35.6,18,,Europe,33,Portugal,-3.875011923,2.892103853,,0.035555155,1.203411088,-1.132300779,0.001264169,-0.40450493,0.391204906,-1.200214766,0.163624238,0.336385636,-0.228091769,0.566134658,-0.57799023,0.156476312,0,1,0,0,0,0,0.02615712,11278,295
Afghanistan,Afghanistan,,,60,513.108,,0.5149,,,,Asia,30,Afghanistan,-5.904016399,2.063881438,,,,,,,,,,-0.76168678,,,,-0.245582277,0,0,0,1,0,0,0.020771513,337,7
Albania,Albania,,,100,5372.74,,1.15264,,,,Europe,27,Albania,-0.446399857,1.506600992,,,,,,,,,,-0.524707332,,,,0.088072025,0,1,0,0,0,0,0.055401662,361,20
Andorra,Andorra,,,165,,,1.6794,,,,Europe,22,Andorra,2.211650094,2.161807379,,,,,,,,,,,,,,0.416843475,0,1,0,0,0,0,0.035928144,501,18
Angola,Angola,,,26,3037.98,,,,,1,Africa,14,Angola,-3.340855992,0.686378796,,,,,,,,,,-0.63856166,,,,-0.784883034,1,0,1,0,0,0,0.142857143,14,2
Antigua and Barbuda,Antigua and Barbuda,,,222,18109.1,,0.4293,,,,North America,16,Antigua and Barbuda,1.511679187,1.0991628,,,,,,,,,,0.096379936,,,,0.612163376,0,0,0,0,0,1,,,
Azerbaijan,Azerbaijan,,31.3,117,4689.38,3.804714013,0.869,31.8,,1,Asia,29,Azerbaijan,-3.373163516,1.932057317,,,,,,0.171359818,0.967069654,-0.624350018,0.029364187,-0.558031311,-0.72034327,-0.213069971,,0.191007035,1,0,0,1,0,0,0.011986301,584,7
Bahamas,Bahamas,,,28,33261.32,,0.8038,,,,North America,18,Bahamas,0.487733674,1.149570278,,,,,,,,,,0.835276365,,,,-0.737599446,0,0,0,0,0,1,0.172413793,29,5
Bahrain,Bahrain,,32.3,2224,25273.15,4.501680145,1.28984,,,1,Asia,40,Bahrain,-0.156980367,1.625550107,0.031112935,,,,,0.86832595,1.664035786,0.072616114,0.753989955,0.445734087,,-0.141583308,,2.134272597,1,0,0,1,0,0,0.005730659,698,4
Bangladesh,Bangladesh,,,1116,1905.72,2.852616337,,,,,Asia,21,Bangladesh,-4.525793838,1.188464278,,,,,,-0.780737858,0.014971978,-1.576447694,0.609551603,-0.693776201,,,,1.678296048,0,0,0,1,0,0,0.102272727,88,9
Barbados,Barbados,,,668,18069.38,,1.6401,,,,North America,18,Barbados,0.91110576,1.489205925,,,,,,,,,,0.094442994,,,,1.339102692,0,0,0,0,0,1,0.017857143,56,1
Belarus,Belarus,,,46,6603.92,,0.74257,,,1,Europe,29,Belarus,-4.818633622,1.969073537,1.154793763,,,,,,,,,-0.464668968,,,,-0.418101894,1,1,0,0,0,0,0.014234875,562,8
Belgium,Belgium,,41.4,380,45175.59,3.925032421,2.01442,28.1,7.4,,Europe,61,Belgium,-16.47263362,3.242663332,7.550905869,,,,,0.291678226,1.087388062,-0.50403161,0.085076188,1.416274499,-1.199640785,0.508945327,-0.931195375,0.966582099,0,1,0,0,0,0,0.073485349,19691,1447
Benin,Benin,,,108,1216.63,3.328764165,,,,,Africa,19,Benin,-3.18635591,1.008520909,,,,,,-0.30459003,0.491119806,-1.100299866,0.092775086,-0.727379603,,,,0.13851081,0,0,1,0,0,0,0,22,0
Bermuda,Bermuda,,,1153,,,0.8925,,,,North America,16,Bermuda,2.714556602,1.28112753,,,,,,,,,,,,,,1.699858926,0,0,0,0,0,1,0,32,0
Bhutan,Bhutan,,27.6,20,3423.05,4.155651468,0.3079,38.7,,,Asia,22,Bhutan,-0.427203326,0.665087007,,,,,,0.522297273,1.318007109,-0.273412563,0.272794441,-0.619783762,0.173481824,-0.477570625,,-0.951174947,0,0,0,1,0,0,0,5,0
Bolivia,Bolivia,,24.3,11,3670.96,3.185075937,0.6523,45.8,,,South America,23,Bolivia,-2.245147681,1.408966761,,,,,,-0.448278258,0.347431578,-1.243988094,0.200953397,-0.607694456,1.093214893,-0.713476613,,-1.321466379,0,0,0,0,1,0,0.06010929,183,11
Brunei,Brunei,,,76,27871.45,,1.4795,,,,Asia,25,Brunei,2.235274593,1.184145879,,,,,,,,,,0.572439916,,,,-0.091454102,0,0,0,1,0,0,0.007407407,135,1
Bulgaria,Bulgaria,,42.7,63,9518.44,2.978547758,1.26498,37.4,,,Europe,26,Bulgaria,-1.49281422,1.776382768,,,,,,-0.654806437,0.140903399,-1.450516273,0.42877147,-0.322542704,0.005079995,0.601877989,,-0.21381512,0,1,0,0,0,0,0.037664783,531,20
Burki Faso,Burkina Faso,,,77,717.962,,0.778455,,,,Africa,23,Burki Faso,-3.461798233,1.934636118,,,,,,,,,,-0.751697096,,,,-0.082916065,0,0,1,0,0,0,0.049275362,345,17
Cambodia,Cambodia,,25.3,92,1620.64,2.926579304,0.7519,30.8,,1,Asia,59,Cambodia,-5.842586518,1.446516572,,,,,,-0.706774891,0.088934945,-1.502484727,0.499530747,-0.707678097,-0.849883139,-0.64198995,,0.033468798,1,0,0,1,0,0,0,114,0
Cameroon,Cameroon,,18.5,56,1514.6,3.447462648,0.6859,46.5,,,Africa,23,Cameroon,-4.320490864,2.012937162,,,,,,-0.185891547,0.609818289,-0.981601383,0.034555667,-0.712849127,1.183892801,-1.12809926,,-0.290459722,0,0,1,0,0,0,0.013846154,650,9
Cape Verde,Cape Verde,,,138,3598.63,3.59391778,0.36633,,,,Africa,15,Cape Verde,1.247796022,0.422100856,,,,,,-0.039436415,0.756273421,-0.835146251,0.001555231,-0.611221621,,,,0.299384566,0,0,1,0,0,0,0,7,0
Cayman Islands,Cayman Islands,,,249,,,0.5714,,,,North America,16,Cayman Islands,2.459735702,1.099969973,,,,,,,,,,,,,,0.68778721,0,0,0,0,0,1,,,
Central African Republic,Central African Republic,,,8,447.992,,,,,,Africa,20,Central African Republic,-2.341779089,0.911942732,,,,,,,,,,-0.764862155,,,,-1.511822351,0,0,1,0,0,0,,,
Chad,Chad,,,13,861.246,2.796261118,,,,1,Africa,16,Chad,-3.127546595,0.837999527,,,,,,-0.837093077,-0.041383241,-1.632802913,0.70072482,-0.744709867,,,,-1.219466619,1,0,1,0,0,0,,,
Costa Rica,Costa Rica,,31.3,100,12014.8,3.481751984,1.17823,48.7,,,North America,28,Costa Rica,-1.125558588,1.783697506,-0.498663328,,,,,-0.151602211,0.644107625,-0.947312047,0.02298323,-0.200807968,1.468880512,-0.213069971,,0.088072025,0,0,0,0,0,1,0.004405286,454,2
Cote d'Ivoire,Cote d'Ivoire,,,,1691.31,4.184318164,0.23668,41.7,,,Africa,22,Cote d'Ivoire,-4.048303119,1.918750241,,,,,,0.550963969,1.346673805,-0.244745867,0.303561295,-0.704231882,0.562101431,,,,0,0,1,0,0,0,,,
Croatia,Croatia,,43,73,14949.76,2.492664975,1.4565,32.3,,,Europe,36,Croatia,-1.950415234,2.235378585,-1.270578868,,,,,-1.14068922,-0.344979384,-1.936399056,1.301171897,-0.05768495,-0.655573336,0.623323988,,-0.117749828,0,1,0,0,0,0,0.012690355,1182,15
Cuba,Cuba,,,103,,,0.69708,,,1,North America,21,Cuba,-2.392077657,1.690982913,,,,,,,,,,,,,,0.107439906,1,0,0,0,0,1,0.001794795,3343,6
Cyprus,Cyprus,,,131,27719.69,3.885017549,,,,,Europe,24,Cyprus,0.554041696,1.572528619,,,,,,0.251663354,1.04737319,-0.544046482,0.063334444,0.565039355,,,,0.265193782,0,1,0,0,0,0,,,
Democratic Republic of Congo,Democratic Republic of Congo,,,38,500.554,,,,,1,Africa,23,Democratic Republic of Congo,-5.556855505,1.823014676,,,,,,,,,,-0.762298974,,,,-0.541563709,1,0,1,0,0,0,,,
Denmark,Denmark,,42.2,134,59795.27,4.202773903,2.1195,28.5,20,,Europe,38,Denmark,-6.8123951,2.931012189,2.578107474,,,,,0.569419708,1.365129544,-0.226290128,0.324238804,2.129201671,-1.147824838,0.566134658,-0.51134775,0.280063816,0,1,0,0,0,0,0.040970474,4369,179
Djibouti,Djibouti,,,43,2936.21,,1.1726,,,,Africa,17,Djibouti,-1.378713512,1.691486935,,,,,,,,,,-0.643524463,,,,-0.461745535,0,0,1,0,0,0,0,59,0
Dominica,Dominica,,,96,8380.98,,1.5447,,,,North America,13,Dominica,2.497350014,1.169534497,,,,,,,,,,-0.378010822,,,,0.061333491,0,0,0,0,0,1,,,
Dominican Republic,Dominican Republic,,28.1,223,8629.25,3.172680333,1.6514,45.3,7.1,,North America,25,Dominican Republic,-3.88823915,2.588677307,,,,,,-0.460673862,0.335035974,-1.256383698,0.212220407,-0.365903961,1.028444958,-0.441827293,-0.941191747,0.615123956,0,0,0,0,0,1,,,
Egypt,Egypt,,23.9,102,3046.59,3.261799561,0.59606,31.8,9.7,1,Africa,46,Egypt,-8.814791883,2.589531389,,,,,,-0.371554634,0.424155202,-1.16726447,0.138052846,-0.638141794,-0.72034327,-0.742071279,-0.854556523,0.101046729,1,0,1,0,0,0,0.066496164,1173,78
El Salvador,El Salvador,,27.1,308,4008.02,3.125414803,0.3558,40,,,North America,17,El Salvador,-2.655527178,1.581893975,,,,,,-0.507939392,0.287770444,-1.303649228,0.258002426,-0.59125776,0.341883654,-0.513313956,,0.827986046,0,0,0,0,0,1,0.048387097,62,3
Equatorial Guinea,Equatorial Guinea,,,50,8927.44,,0.65485,,,1,Africa,21,Equatorial Guinea,-1.103925459,1.192339102,,,,,,,,,,-0.351362757,,,,-0.364056466,1,0,1,0,0,0,0,15,0
Eritrea,Eritrea,,,30,342.6,,,,,1,Africa,14,Eritrea,-2.194468558,1.449365389,,,,,,,,,,-0.770001585,,,,-0.693470519,1,0,1,0,0,0,0,29,0
Ethiopia,Ethiopia,,,104,953.179,3.375877069,,,,1,Africa,22,Ethiopia,-4.95535911,1.124363466,,,,,,-0.257477126,0.53823271,-1.053186962,0.06629447,-0.740226763,,,,0.113771903,1,0,1,0,0,0,0.046511628,43,2
Faroe Islands,Faroe Islands,,,35,,,0.33769,,,,North America,,,,,,,,,,,,,,,,,,-0.594527063,0,0,0,0,0,1,,,
Fiji,Fiji,,,49,6379.71,,0.9427,,,,Asia,16,Fiji,-0.007908244,0.792450381,,,,,,,,,,-0.475602545,,,,-0.37715964,0,0,0,1,0,0,0,12,0
France,France,,41.4,118,41760.61,3.886942956,2.0178,32.3,6.9,,Europe,70,France,-12.51598802,2.996331463,3.690274056,,,,,0.253588761,1.049298597,-0.542121075,0.06430726,1.249743356,-0.655573336,0.508945327,-0.947855995,0.196590939,0,1,0,0,0,0,0.114617327,70478,8078
French Polynesia,French Polynesia,,,67,,,1.1575,,,,Asia,17,French Polynesia,2.47787793,0.943968615,,,,,,,,,,,,,,-0.173700494,0,0,0,1,0,0,,,
Gabon,Gabon,,18.6,8,8112.32,3.389185647,0.44951,38,,1,Africa,22,Gabon,-1.754966051,1.111924548,,,,,,-0.244168548,0.551541288,-1.039878384,0.05961828,-0.391111999,0.082803916,-1.120950593,,-1.511822351,1,0,1,0,0,0,0.055555556,18,1
"Gambia, The","Gambia, The",,,226,755.046,4.14073315,,,,,Africa,,,,,,,,,,0.507378955,1.303088791,-0.288330881,0.257433404,-0.749888698,,,,0.62392704,0,0,1,0,0,0,,,
Georgia,Georgia,,38.1,57,4289.32,4.052733487,0.75048,36.5,,,Europe,35,Georgia,-2.297474063,1.58163662,,,,,,0.419379292,1.215089128,-0.376330544,0.175878991,-0.577540195,-0.111505887,0.273039339,,-0.278951802,0,1,0,0,0,0,0.011494253,174,2
Gibraltar,Gibraltar,,,5615,,,0.5388,,,,Europe,16,Gibraltar,4.974357201,0.992591684,,,,,,,,,,,,,,2.7469055,0,1,0,0,0,0,,,
Greda,Greda,,,327,11381.38,,,,,,North America,13,Greda,1.566510348,1.232981122,,,,,,,,,,-0.231696629,,,,0.867470552,0,0,0,0,0,1,,,
Greenland,Greenland,,,0,,,0.5534,,,,Europe,16,Greenland,3.035494094,0.801815801,,,,,,,,,,,,,,-2.965700984,0,1,0,0,0,0,0,11,0
Guam,Guam,,,307,,,1.14403,,,,Asia,17,Guam,3.153835527,1.09541105,,,,,,,,,,,,,,0.825841186,0,0,0,1,0,0,0.035714286,112,4
Guatemala,Guatemala,,,165,4616.85,,0.17311,,,,North America,21,Guatemala,-3.041730164,1.350916248,,,,,,,,,,-0.561568229,,,,0.416843475,0,0,0,0,0,1,0.042857143,70,3
Guinea,Guinea,,,53,981.016,2.766527923,,,,,Africa,21,Guinea,-4.045048109,1.336277321,,,,,,-0.866826272,-0.071116436,-1.662536108,0.751387786,-0.738869295,,,,-0.32623539,0,0,1,0,0,0,0,121,0
Guya,Guya,,,4,5252.05,3.426269634,,,,,South America,21,Guya,0.558837722,0.689885767,,,,,,-0.207084561,0.588625275,-1.002794397,0.042884015,-0.530592767,,,,-1.900754134,0,0,0,0,1,0,,,
Haiti,Haiti,,,411,784.08,2.648886654,,,,,North America,16,Haiti,-2.382138819,0.994267658,,,,,,-0.984467541,-0.188757705,-1.780177377,0.969176339,-0.748472859,,,,1.018342017,0,0,0,0,0,1,0.047619048,21,1
Honduras,Honduras,,23,88,2548.46,3.432064003,0.629,50,,,North America,22,Honduras,-2.410131034,1.683999593,,,,,,-0.201290192,0.594419644,-0.997000028,0.040517741,-0.662433052,1.637282342,-0.806409275,,0.004378897,0,0,0,0,0,1,0.073825503,298,22
Hong Kong,Hong Kong,,,6791,49334.35,5.471259582,,,,,Asia,,,,,,,,,,1.837905387,2.633615223,1.042195551,3.377896212,1.619075997,,,,2.872709578,0,0,0,1,0,0,0.004489338,891,4
Iraq,Iraq,,,92,5738.45,,0.70729,,,,Asia,38,Iraq,-4.313243957,1.890434176,,,,,,,,,,-0.506873522,,,,0.033468798,0,0,0,1,0,0,0.063475546,961,61
Jamaica,Jamaica,,152,269,5460.98,3.204617537,0.54425,45.5,,,North America,23,Jamaica,-0.168466108,0.902028644,,,,,,-0.428736658,0.366973178,-1.224446494,0.183815122,-0.520404318,1.054352932,8.415370274,,0.73871146,0,0,0,0,0,1,0.051724138,58,3
Jordan,Jordan,,22.5,114,4386.61,4.158718249,1.05357,35.4,,1,Asia,23,Jordan,-3.064672954,2.164145373,,,,,,0.525364054,1.32107389,-0.270345782,0.276007389,-0.572795859,-0.253999743,-0.842152607,,0.173966899,1,0,0,1,0,0,0.014492754,345,5
Kosovo,Kosovo,,,,4442.36,,1.5511,,,,Europe,20,Kosovo,-0.047608706,1.462056161,,,,,,,,,,-0.570077216,,,,,0,1,0,0,0,0,0.006896552,145,1
Kuwait,Kuwait,,29.3,240,29266.98,3.493208686,0.93529,,,,Asia,38,Kuwait,-0.084826803,1.232919225,-0.172421875,,,,,-0.140145509,0.655564327,-0.935855345,0.019640764,0.640492791,,-0.356043297,,0.663527067,0,0,0,1,0,0,0.001798561,556,1
Kyrgyzstan,Kyrgyzstan,,26.5,33,1292.98,3.121744115,0.7753,26.8,,,Asia,17,Kyrgyzstan,-1.24318139,1.487283023,,,,,,-0.51161008,0.284099756,-1.307319916,0.261744874,-0.723656403,-1.368042614,-0.556205954,,-0.632348138,0,0,0,1,0,0,0.013605442,147,2
Lebanon,Lebanon,,30.5,653,9654.81,2.686931697,1.2273,35.6,26,,Asia,39,Lebanon,-4.537183046,2.370731547,,,,,,-0.946422498,-0.150712662,-1.742132334,0.895715545,-0.315892635,-0.228091769,-0.270259302,-0.31142031,1.324097771,0,0,0,1,0,0,0.034155598,527,18
Liberia,Liberia,,,45,703.826,3.904567143,,,,,Africa,19,Liberia,-1.523352548,0.471104919,,,,,,0.271212948,1.066922784,-0.524496888,0.073556463,-0.752386436,,,,-0.432332307,0,0,1,0,0,0,0.230769231,13,3
Liechtenstein,Liechtenstein,,,238,,,1.4517,,,,Europe,25,Liechtenstein,2.910458962,1.493573282,,,,,,,,,,,,,,0.658012963,0,1,0,0,0,0,0,68,0
Lithuania,Lithuania,,43.7,42,19266.79,3.446601478,1.8535,37.7,,,Europe,28,Lithuania,-2.455549481,2.594010449,-0.968060796,,,,,-0.186752717,0.608957119,-0.982462553,0.034876577,0.152834568,0.043941955,0.673364652,,-0.476957439,0,1,0,0,0,0,0.016029593,811,13
Luxembourg,Luxembourg,,39.3,242,113196.49,5.138307522,2.5134,31.2,48,,Europe,28,Luxembourg,-1.497328255,2.978621543,,,,,,1.504953327,2.300663163,0.709243491,2.264884517,4.733306597,-0.798067192,0.358823334,0.421646972,0.668995599,0,1,0,0,0,0,0.012838802,2804,36
Macedonia,Macedonia,,37.9,81,,3.881608093,1.5149,35.6,,,Europe,29,Macedonia,-2.991547984,2.376275668,,,,,,0.248253898,1.043963734,-0.547455938,0.061629998,,-0.228091769,0.258742006,,-0.049824736,0,1,0,0,0,0,0.032432432,555,18
Madagascar,Madagascar,,,47,463.869,2.762166851,,,,,Africa,15,Madagascar,-2.747006052,1.308880316,,,,,,-0.871187344,-0.075477508,-1.66689718,0.758967388,-0.764087915,,,,-0.404171092,0,0,1,0,0,0,0,72,0
Maldives,Maldives,,,1802,15562.51,,0.61062,,,,Asia,26,Maldives,1.719334696,0.574882818,,,,,,,,,,-0.02780426,,,,1.995116178,0,0,0,1,0,0,0,19,0
Malta,Malta,,41.8,1397,30650.17,3.889380342,1.5246,29.4,,,Europe,26,Malta,4.531123913,1.497611129,-3.273032944,,,,,0.256026147,1.051735983,-0.539683689,0.065549388,0.707943907,-1.031238956,0.537539992,,1.826776423,0,1,0,0,0,0,0,227,0
Mauritania,Mauritania,,,5,1392.46,2.653240592,,,,,Africa,21,Mauritania,-2.17962976,0.709110043,,,,,,-0.980113603,-0.184403767,-1.775823439,0.960622675,-0.718805271,,,,-1.780114023,0,0,1,0,0,0,,,
Mauritius,Mauritius,,35.3,623,11360.67,4.298001497,1.45798,35.8,,,Africa,16,Mauritius,0.975204547,1.459580576,,,,,,0.664647302,1.460357138,-0.131062534,0.441756036,-0.23270655,-0.202183795,0.072876682,,1.293026867,0,0,1,0,0,0,0.030837004,227,7
mibia,Namibia,,21.2,3,5842.06,4.008241473,0.31244,59.1,,,Africa,21,mibia,-1.083888664,0.780470281,,,,,,0.374887278,1.170597114,-0.420822558,0.140540471,-0.501820991,2.816095148,-0.935085269,,-2.048405696,0,0,1,0,0,0,0,16,0
Moco,Monaco,,,19427,,,,,,,Africa,24,Moco,2.420234442,1.550854797,,,,,,,,,,,,,,3.568124449,0,0,1,0,0,0,,,
Moldova,Moldova,,26.3,119,3300.09,2.84528274,1.28295,36.7,,,Europe,26,Moldova,-2.080203131,2.02235462,,,,,,-0.788071455,0.007638381,-1.583781291,0.621056618,-0.625779893,-0.085597913,-0.570503287,,0.202128115,0,1,0,0,0,0,0.017361111,864,15
Mongolia,Mongolia,,28.3,2,4132.66,3.202003665,0.49109,32.3,,,Asia,20,Mongolia,-1.09466764,0.914344686,,,,,,-0.43135053,0.364359306,-1.227060366,0.18606328,-0.585179704,-0.655573336,-0.427529961,,-2.238761667,0,0,0,1,0,0,0,14,0
Montenegro,Montenegro,,40.7,45,8703.93,3.627117317,1.3794,31.9,,1,Europe,18,Montenegro,1.178583037,1.469221238,,,,,,-0.006236878,0.789472958,-0.801946714,3.89E-05,-0.362262199,-0.707389284,0.458904663,,-0.432332307,1,1,0,0,0,0,,,
Montserrat,Montserrat,,,49,,,,,,,North America,14,Montserrat,4.65052514,0.87123187,,,,,,,,,,,,,,-0.37715964,0,0,0,0,0,1,,,
Morocco,Morocco,,29.3,83,3345.03,3.743168046,0.831,40.7,6,1,Africa,26,Morocco,-4.54489923,2.239834073,,,,,,0.109813851,0.905523687,-0.685895985,0.012059082,-0.623588399,0.432561562,-0.356043297,-0.977845111,-0.033879659,1,0,1,0,0,0,0.068560235,1021,70
Nepal,Nepal,,,198,1047.74,3.04307165,,,,,Asia,58,Nepal,-4.049632113,0.30942958,,,,,,-0.590282545,0.205427291,-1.385992381,0.348433483,-0.735615506,,,,0.536818906,0,0,0,1,0,0,,,
New Zealand,New Zealand,,37.9,18,40634.14,5.228212773,1.3514,36.2,,,Asia,28,New Zealand,-4.335674236,2.677476959,,,,,,1.594858578,2.390568414,0.799148742,2.543573884,1.194811163,-0.150367848,0.258742006,,-1.017399038,0,0,0,1,0,0,0.001097695,911,1
Nicaragua,Nicaragua,,,51,1919.17,2.800580399,,,,,South America,17,Nicaragua,-2.39254396,0.677810458,,,,,,-0.832773796,-0.03706396,-1.628483632,0.693512195,-0.693120313,,,,-0.351207738,0,0,0,0,1,0,,,
Niger,Niger,,,19,405.095,,,,,,Africa,15,Niger,-4.314420242,1.788461457,,,,,,,,,,-0.766954023,,,,-0.983458846,0,0,1,0,0,0,0.054347826,184,10
Norway,Norway,,39.2,17,77975.43,5.096433424,2.13517,26.8,100,,Europe,38,Norway,-2.515277992,2.610274324,-0.124372493,,,,,1.463079229,2.258789065,0.667369393,2.14060083,3.015755278,-1.368042614,0.351674668,2.154351455,-1.053174707,0,1,0,0,0,0,0.012484614,5687,71
Oman,Oman,,25.6,16,17791.03,4.173837,0.8836,,,1,Asia,34,Oman,-2.044932558,1.491584935,,,,,,0.540482805,1.336192641,-0.255227031,0.292121663,0.080869285,,-0.620543951,,-1.090995782,1,0,0,1,0,0,0.006711409,298,2
Pakistan,Pakistan,,23.8,250,1388.24,3.054124701,0.62003,30.7,37,,Asia,33,Pakistan,-8.051019339,2.717655071,0.461778032,,,,,-0.579229494,0.216480342,-1.37493933,0.335506807,-0.719011059,-0.862837126,-0.749219945,0.055113331,0.690428686,0,0,0,1,0,0,0.01471069,3059,45
Palestine,Palestine,,,820,,,0.67092,,,1,Asia,28,Palestine,0.573915217,0.839735292,-0.302031022,,,,,,,,,,,,,1.474576204,1,0,0,1,0,0,0.004219409,237,1
Pama,Panama,,29.2,57,16245.45,3.602270628,1.62761,50.4,17,,North America,26,Pama,-0.454400112,2.224368161,-1.041758878,,,,,-0.031083567,0.764626269,-0.826793403,0.000966188,0.005499238,1.689098289,-0.363191964,-0.61131147,-0.278951802,0,0,0,0,0,1,0.024297646,1317,32
Papua New Guinea,Papua New Guinea,,,19,2742.27,,,,,,Asia,15,Papua New Guinea,-2.191321297,-3.74E-16,,,,,,,,,,-0.652981927,,,,-0.983458846,0,0,0,1,0,0,,,
Paraguay,Paraguay,,28.2,18,5692.18,2.933365933,0.7552,47.9,,,South America,24,Paraguay,-1.91593069,1.337442386,,,,,,-0.699988262,0.095721574,-1.495698098,0.489983567,-0.509129874,1.365248617,-0.434678627,,-1.017399038,0,0,0,0,1,0,0.044247788,113,5
Philippines,Philippines,,23.5,320,3294.47,3.384768242,0.7472,40.1,7.4,,Asia,62,Philippines,-10.59871785,2.113640067,2.227334328,,,,,-0.248585953,0.547123883,-1.044295789,0.061794976,-0.626053952,0.354837641,-0.770665944,-0.931195375,0.853196283,0,0,0,1,0,0,,,
Romania,Romania,,41.1,81,12482.97,3.216095861,1.30217,27.5,12,,Europe,36,Romania,-5.183028014,2.741726161,-0.36328859,,,,,-0.417258334,0.378451502,-1.21296817,0.174104517,-0.177977707,-1.277364706,0.487499328,-0.77791767,-0.049824736,0,1,0,0,0,0,0.039078675,3864,151
Rwanda,Rwanda,,19,492,824.927,5.388244505,0.61793,50.4,,1,Africa,21,Rwanda,-2.489577537,1.457991408,,,,,,1.75489031,2.550600146,0.959180474,3.07964,-0.746480959,1.689098289,-1.092355928,,1.137105756,1,0,1,0,0,0,0,104,0
Senegal,Senegal,,18.8,85,1427.87,3.988356001,0.69642,40.3,,,Africa,26,Senegal,-2.971691158,1.669498223,,,,,,0.355001806,1.150711642,-0.44070803,0.126026282,-0.717078506,0.380745614,-1.106653261,,-0.018309795,0,0,1,0,0,0,0.009009009,222,2
Serbia,Serbia,,42.6,99,7397.69,2.650929063,1.1074,29.1,14,1,Europe,26,Serbia,-1.844864456,2.068638671,,,,,,-0.982425132,-0.186715296,-1.778134968,0.96515914,-0.425960856,-1.070100916,0.594729323,-0.71127519,0.081488004,1,1,0,0,0,0,0.02672956,1908,51
Seychelles,Seychelles,,35.4,218,17052.23,3.839127831,0.51451,46.8,,,Africa,21,Seychelles,3.122584858,0.493276503,,,,,,0.205773636,1.001483472,-0.5899362,0.042342789,0.04484178,1.222754762,0.080025348,,0.600186783,0,0,1,0,0,0,,,
Slovenia,Slovenia,,44.5,103,26170.25,2.946271654,1.72542,25.7,40,,Europe,30,Slovenia,-0.159895326,2.048052654,-0.495037948,,,,,-0.687082541,0.108627295,-1.482792377,0.472082418,0.489481075,-1.51053647,0.730553983,0.155077051,0.107439906,0,1,0,0,0,0,0.028084253,997,28
Somalia,Somalia,,,25,,,,,,,Africa,19,Somalia,-3.469667368,0.619886017,,,,,,,,,,,,,,-0.809855382,0,0,1,0,0,0,,,
South Africa,South Africa,,27.1,49,6100.35,4.096786162,1.118,63,100,,Africa,28,South Africa,-4.820521366,2.598292527,-0.644518562,,,,,0.463431967,1.259141803,-0.332277869,0.214769188,-0.489225506,3.321300636,-0.513313956,2.154351455,-0.37715964,0,0,1,0,0,0,0.006646526,1655,11
Sudan,Sudan,,,23,714.295,,,,,,Africa,22,Sudan,-4.502380413,0.767947038,,,,,,,,,,-0.751875917,,,,-0.862818736,0,0,1,0,0,0,0.166666667,12,2
Surime,Suriname,,,4,6310.95,,0.8318,,,,South America,16,Surime,0.705242158,0.848558204,,,,,,,,,,-0.478955619,,,,-1.900754134,0,0,0,0,1,0,,,
Swaziland,Swaziland,,21.7,67,,3.354239642,0.1636,51.5,24,,Africa,21,Swaziland,-1.212335492,1.041292317,,,,,,-0.279114553,0.516595283,-1.074824389,0.077904934,,1.831592145,-0.899341938,-0.37806279,-0.173700494,0,0,1,0,0,0,,,
Switzerland,Switzerland,,42.4,210,83716.81,5.27318957,2.4411,32.5,24,,Europe,39,Switzerland,-3.349188811,3.199812364,-0.836199739,,,,,1.639835375,2.435545211,0.844125539,2.689060057,3.295733075,-0.629665362,0.58043199,-0.37806279,0.575562968,0,1,0,0,0,0,0.016901837,19702,333
Syria,Syria,,,95,,,,,,1,Asia,13,Syria,-3.650605462,1.318154779,,,,,,,,,,,,,,0.054476552,1,0,0,1,0,0,0.105263158,19,2
Taiwan,Taiwan,,,658,24827.9,,0.63067,,,,Asia,73,Taiwan,-5.193403261,1.494437915,0.494062027,,,,,,,,,0.424021518,,,,1.329137313,0,0,0,1,0,0,0.013774105,363,5
Tanzania,Tanzania,,,63,1104.79,3.498987023,,,,,Africa,19,Tanzania,-4.40790345,1.17887371,,,,,,-0.134367172,0.661342664,-0.930077008,0.018054537,-0.732833469,,,,-0.21381512,0,0,1,0,0,0,0.045454545,22,1
Togo,Togo,,,146,671.4,,0.46616,,,,Africa,22,Togo,-3.638086442,1.674918695,,,,,,,,,,-0.753967687,,,,0.336411774,0,0,1,0,0,0,0.068181818,44,3
Tunesia,Tunesia,,31.6,,,,,,,,Africa,,,,,,,,,,,,,,,,-0.191623972,,,0,0,1,0,0,0,0.03826087,575,22
Tunisia,Tunisia,,,72,3287.09,3.484548739,1.0105,35.8,,,Africa,27,Tunisia,-3.230709967,1.971309686,,,,,,-0.148805456,0.64690438,-0.944515292,0.022143064,-0.626413837,-0.202183795,,,-0.126752534,0,0,1,0,0,0,0.03826087,575,22
Uganda,Uganda,,,189,770.062,3.567911081,,,,1,Africa,14,Uganda,-4.00984059,1.610398863,,,,,,-0.065443114,0.730266722,-0.86115295,0.004282801,-0.749156445,,,,0.506195456,1,0,1,0,0,0,0,52,0
Uruguay,Uruguay,,,19,17029.25,3.787633754,1.55014,,,,South America,21,Uruguay,0.513331706,1.436466625,,,,,,0.154279559,0.949989395,-0.641430277,0.023802182,0.043721163,,,,-0.983458846,0,0,0,0,1,0,0.015,400,6
Uzbekistan,Uzbekistan,,,75,1831.57,,0.33522,,,1,Asia,20,Uzbekistan,-2.208716396,1.293530868,,,,,,,,,,-0.697392118,,,,-0.10010375,1,0,0,1,0,0,0.005847953,342,2
Vatican,Vatican,,,1820,,,0.1164,,,,Europe,21,Vatican,6.160016575,0.794817734,,,,,,,,,,,,,,2.001689298,0,1,0,0,0,0,,,
Venezuela,Venezuela,,28.3,31,2547.76,1.405870664,0.5224,50.3,,1,South America,21,Venezuela,-1.253188923,0.949573833,,,,,,-2.227483531,-1.431773695,-3.023193367,4.961682881,-0.662467187,1.676144302,-0.427529961,,-0.672462764,1,0,0,0,1,0,0.044025157,159,7
Zambia,Zambia,,,24,1307.03,3.986408085,,,,,Africa,17,Zambia,-3.414301043,1.409750771,,,,,,0.35305389,1.148763726,-0.442655946,0.124647049,-0.722971256,,,,-0.835807284,0,0,1,0,0,0,0.025641026,39,1
Zimbabwe,Zimbabwe,,,38,859.953,2.852291689,,,,,Africa,15,Zimbabwe,-2.905139606,0.858322597,,,,,,-0.781062506,0.01464733,-1.576772342,0.610058638,-0.74477292,,,,-0.541563709,0,0,1,0,0,0,,,
Anguilla,Anguilla,,,,,,,,,,,9,Anguilla,4.783293397,0.140273727,,,,,,,,,,,,,,,0,,,,,,,,
Aruba,Aruba,,,,,,,,,,,13,Aruba,2.958734265,1.379279698,,,,,,,,,,,,,,,0,,,,,,0,64,0
Belize,Belize,,,,,,,,,,,12,Belize,0.808863097,0.530698968,,,,,,,,,,,,,,,0,,,,,,,,
Boire Sint Eustatius and Saba,Boire Sint Eustatius and Saba,,,,,,,,,,,3,Boire Sint Eustatius and Saba,4.334341843,-1.49E-15,,,,,,,,,,,,,,,0,,,,,,,,
British Virgin Islands,British Virgin Islands,,,,,,,,,,,9,British Virgin Islands,4.067087002,0.2460639,,,,,,,,,,,,,,,0,,,,,,,,
Burundi,Burundi,,,,,,,,,,,4,Burundi,-1.84607385,0.335035474,,,,,,,,,,,,,,,0,,,,,,,,
Congo,Congo,,,,,,,,,,,20,Congo,-2.641090213,1.277968982,,,,,,,,,,,,,,,0,,,,,,,,
Curacao,Curacao,,,,,,,,,,,12,Curacao,2.208754712,0.888469224,,,,,,,,,,,,,,,0,,,,,,,,
Faeroe Islands,Faeroe Islands,,,,,,,,,,,16,Faeroe Islands,7.177443959,0.389553625,-0.028590373,,,,,,,,,,,,,,0,,,,,,,,
Falkland Islands,Falkland Islands,,,,,,,,,,,1,Falkland Islands,5.659861287,,,,,,,,,,,,,,,,0,,,,,,,,
Gambia,Gambia,,,,,,,,,,,18,Gambia,-1.425445888,0.659185049,,,,,,,,,,,,,,,0,,,,,,,,
Guinea-Bissau,Guinea-Bissau,,,,,,,,,,,9,Guinea-Bissau,-0.594479637,0.929933051,,,,,,,,,,,,,,,0,,,,,,,,
Isle of Man,Isle of Man,,,,,,,,,,,15,Isle of Man,2.188543868,1.758324245,,,,,,,,,,,,,,,0,,,,,,,,
Laos,Laos,,,,,,,,,,,11,Laos,-1.372137335,0.749576849,,,,,,,,,,,,,,,0,,,,,,0,11,0
Libya,Libya,,,,,,,,,,,11,Libya,-2.791215564,1.317674763,,,,,,,,,,,,,,,0,,,,,,0.111111111,18,2
Malawi,Malawi,,,,,,,,,,,2,Malawi,-1.852643141,-4.53E-16,,,,,,,,,,,,,,,0,,,,,,,,
Mali,Mali,,,,,,,,,,,10,Mali,-2.576246,1.363433432,,,,,,,,,,,,,,,0,,,,,,,,
Myanmar,Myanmar,,,,,,,,,,,12,Myanmar,-3.662728464,1.019326777,,,,,,,,,,,,,,,0,,,,,,,,
New Caledonia,New Caledonia,,,,,,,,,,,15,New Caledonia,2.096818506,0.811307674,,,,,,,,,,,,,,,0,,,,,,,,
Northern Maria Islands,Northern Maria Islands,,,,,,,,,,,5,Northern Maria Islands,3.734343044,0.843600739,,,,,,,,,,,,,,,0,,,,,,,,
Puerto Rico,Puerto Rico,,,,,,,,,,,8,Puerto Rico,2.990132771,0.873243726,,,,,,,,,,,,,,,0,,,,,,,,
Saint Barthlemy,Saint Barthlemy,,,,,,,,,,,1,Saint Barthlemy,6.408496292,,,,,,,,,,,,,,,,0,,,,,,,,
Saint Kitts and Nevis,Saint Kitts and Nevis,,,,,,,,,,,10,Saint Kitts and Nevis,3.190597371,0.82972159,,,,,,,,,,,,,,,0,,,,,,,,
Saint Lucia,Saint Lucia,,,,,,,,,,,21,Saint Lucia,1.548615867,0.661779788,,,,,,,,,,,,,,,0,,,,,,,,
Saint Vincent and the Gredines,Saint Vincent and the Gredines,,,,,,,,,,,12,Saint Vincent and the Gredines,1.802264801,0.404731681,,,,,,,,,,,,,,,0,,,,,,,,
San Marino,San Marino,,,,,,,,,,,36,San Marino,2.747367902,1.792053218,,,,,,,,,,,,,,,0,,,,,,,,
Sierra Leone,Sierra Leone,,,,,,,,,,,4,Sierra Leone,-2.185042072,0.572746929,,,,,,,,,,,,,,,0,,,,,,,,
Sint Maarten (Dutch part),Sint Maarten (Dutch part),,,,,,,,,,,10,Sint Maarten (Dutch part),2.694435358,1.32849559,,,,,,,,,,,,,,,0,,,,,,,,
Timor,Timor,,,,,,,,,,,14,Timor,-0.276450737,-9.60E-17,,,,,,,,,,,,,,,0,,,,,,,,
Turks and Caicos Islands,Turks and Caicos Islands,,,,,,,,,,,11,Turks and Caicos Islands,3.070454503,0.836650671,,,,,,,,,,,,,,,0,,,,,,,,
United States Virgin Islands,United States Virgin Islands,,,,,,,,,,,11,United States Virgin Islands,4.834661938,0.367288202,,,,,,,,,,,,,,,0,,,,,,,,